time,Load
0,1171
1,1129
2,1079
3,1044
4,1019
5,1025
6,1073
7,1124
8,1150
9,1149
10,1208
11,1261
12,1281
13,1264
14,1220
15,1222
16,1227
17,1224
18,1216
19,1282
20,1363
21,1349
22,1338
23,1307
24,1235
25,1150
26,1095
27,1057
28,1036
29,1052
30,1151
31,1295
32,1263
33,1280
34,1422
35,1506
36,1499
37,1500
38,1438
39,1494
40,1534
41,1535
42,1506
43,1517
44,1557
45,1503
46,1458
47,1424
48,1352
49,1252
50,1186
51,1140
52,1108
53,1108
54,1204
55,1354
56,1311
57,1331
58,1466
59,1526
60,1570
61,1553
62,1491
63,1557
64,1596
65,1581
66,1564
67,1559
68,1600
69,1564
70,1550
71,1544
72,1469
73,1361
74,1287
75,1230
76,1198
77,1158
78,1263
79,1391
80,1352
81,1378
82,1529
83,1604
84,1615
85,1606
86,1573
87,1657
88,1667
89,1651
90,1613
91,1608
92,1671
93,1641
94,1641
95,1652
96,1598
97,1480
98,1402
99,1350
100,1300
101,1292
102,1343
103,1450
104,1389
105,1416
106,1544
107,1638
108,1637
109,1624
110,1583
111,1631
112,1719
113,1686
114,1627
115,1628
116,1662
117,1666
118,1659
119,1690
120,1670
121,1560
122,1476
123,1402
124,1350
125,1329
126,1376
127,1451
128,1422
129,1422
130,1563
131,1678
132,1678
133,1650
134,1594
135,1675
136,1707
137,1675
138,1431
139,1258
140,1255
141,1270
142,1256
143,1352
144,1327
145,1263
146,1211
147,1167
148,1134
149,1135
150,1193
151,1268
152,1244
153,1279
154,1392
155,1479
156,1513
157,1485
158,1458
159,1525
160,1522
161,1521
162,1508
163,1517
164,1581
165,1542
166,1485
167,1488
168,1470
169,1390
170,1309
171,1246
172,1209
173,1191
174,1214
175,1226
176,1208
177,1213
178,1274
179,1330
180,1358
181,1347
182,1347
183,1372
184,1379
185,1375
186,1345
187,1379
188,1467
189,1483
190,1510
191,1532
192,1500
193,1402
194,1325
195,1265
196,1219
197,1207
198,1281
199,1381
200,1212
201,1212
202,1314
203,1414
204,1445
205,1407
206,1365
207,1432
208,1461
209,1466
210,1474
211,1492
212,1546
213,1495
214,1457
215,1448
216,1384
217,1285
218,1218
219,1169
220,1140
221,1132
222,1213
223,1353
224,1292
225,1304
226,1428
227,1520
228,1540
229,1514
230,1457
231,1548
232,1577
233,1562
234,1544
235,1560
236,1606
237,1535
238,1484
239,1499
240,1452
241,1350
242,1283
243,1233
244,1193
245,1178
246,1266
247,1378
248,1311
249,1327
250,1430
251,1469
252,1512
253,1483
254,1447
255,1504
256,1533
257,1495
258,1476
259,1434
260,1469
261,1427
262,1382
263,1370
264,1304
265,1230
266,1174
267,1134
268,1028
269,946
270,1065
271,1276
272,1243
273,1261
274,1355
275,1393
276,1452
277,1434
278,1386
279,1460
280,1492
281,1482
282,1473
283,1466
284,1529
285,1489
286,1446
287,1436
288,1361
289,1269
290,1194
291,1138
292,1111
293,1107
294,1181
295,1323
296,1278
297,1297
298,1428
299,1500
300,1465
301,1464
302,1394
303,1476
304,1509
305,1484
306,1462
307,1463
308,1521
309,1473
310,1426
311,1429
312,1386
313,1304
314,1229
315,1178
316,1138
317,1130
318,1165
319,1202
320,1202
321,1233
322,1355
323,1449
324,1485
325,1448
326,1401
327,1455
328,1472
329,1470
330,1458
331,1461
332,1527
333,1495
334,1469
335,1484
336,1465
337,1389
338,1324
339,1265
340,1224
341,1207
342,1224
343,1241
344,1226
345,1218
346,1273
347,1350
348,1375
349,1380
350,1353
351,1372
352,1405
353,1393
354,1361
355,1384
356,1497
357,1537
358,1582
359,1636
360,1617
361,1515
362,1428
363,1359
364,1308
365,1280
366,1340
367,1409
368,1341
369,1364
370,1502
371,1593
372,1631
373,1562
374,1609
375,1712
376,1721
377,1694
378,1650
379,1613
380,1669
381,1654
382,1678
383,1758
384,1732
385,1620
386,1522
387,1414
388,1366
389,1339
390,1382
391,1454
392,1380
393,1394
394,1538
395,1629
396,1661
397,1658
398,1622
399,1726
400,1796
401,1764
402,1672
403,1632
404,1691
405,1688
406,1719
407,1801
408,1776
409,1668
410,1371
411,1416
412,1369
413,1370
414,1405
415,1450
416,1368
417,1340
418,1531
419,1618
420,1669
421,1663
422,1626
423,1739
424,1782
425,1762
426,1717
427,1659
428,1703
429,1699
430,1714
431,1796
432,1802
433,1709
434,1610
435,1539
436,1469
437,1424
438,1433
439,1457
440,1373
441,1408
442,1573
443,1684
444,1724
445,1719
446,1696
447,1801
448,1865
449,1837
450,1758
451,1698
452,1746
453,1750
454,1775
455,1878
456,1863
457,1758
458,1663
459,1576
460,1499
461,1455
462,1458
463,1474
464,1407
465,1442
466,1599
467,1696
468,1719
469,1739
470,1697
471,1799
472,1856
473,1848
474,1746
475,1680
476,1705
477,1704
478,1734
479,1844
480,1851
481,1753
482,1653
483,1573
484,1502
485,1439
486,1439
487,1400
488,1369
489,1342
490,1469
491,1584
492,1632
493,1644
494,1599
495,1667
496,1693
497,1670
498,1596
499,1592
500,1643
501,1619
502,1609
503,1681
504,1700
505,1627
506,1540
507,1462
508,1382
509,1330
510,1311
511,1270
512,1235
513,1213
514,1261
515,1331
516,1363
517,1370
518,1348
519,1378
520,1393
521,1389
522,1363
523,1374
524,1451
525,1480
526,1538
527,1620
528,1614
529,1529
530,1442
531,1353
532,1285
533,1254
534,1283
535,1330
536,1261
537,1295
538,1451
539,1553
540,1576
541,1584
542,1548
543,1643
544,1683
545,1670
546,1618
547,1563
548,1630
549,1614
550,1637
551,1713
552,1715
553,1608
554,1503
555,1387
556,1350
557,1304
558,1327
559,1363
560,1293
561,1322
562,1479
563,1594
564,1618
565,1589
566,1578
567,1706
568,1771
569,1750
570,1701
571,1633
572,1684
573,1689
574,1733
575,1837
576,1824
577,1712
578,1587
579,1491
580,1421
581,1377
582,1380
583,1406
584,1348
585,1392
586,1549
587,1680
588,1712
589,1711
590,1702
591,1813
592,1886
593,1841
594,1767
595,1692
596,1721
597,1756
598,1802
599,1945
600,1945
601,1836
602,1729
603,1654
604,1576
605,1520
606,1499
607,1472
608,1412
609,1438
610,1600
611,1733
612,1780
613,1764
614,1778
615,1909
616,1970
617,1927
618,1841
619,1724
620,1798
621,1841
622,1924
623,2062
624,2037
625,1906
626,1844
627,1763
628,1685
629,1632
630,1591
631,1556
632,1478
633,1523
634,1684
635,1807
636,1864
637,1869
638,1877
639,2021
640,2090
641,2028
642,1926
643,1861
644,1921
645,1949
646,1982
647,2110
648,2159
649,2064
650,1946
651,1849
652,1774
653,1704
654,1645
655,1575
656,1501
657,1506
658,1621
659,1737
660,1829
661,1871
662,1895
663,2017
664,2065
665,2015
666,1910
667,1851
668,1928
669,1975
670,2038
671,2150
672,2175
673,2099
674,1992
675,1896
676,1807
677,1741
678,1669
679,1565
680,1500
681,1454
682,1504
683,1616
684,1701
685,1728
686,1785
687,1865
688,1907
689,1842
690,1713
691,1684
692,1780
693,1820
694,1680
695,1951
696,2072
697,2025
698,1938
699,1838
700,1738
701,1669
702,1591
703,1516
704,1461
705,1462
706,1596
707,1715
708,1792
709,1829
710,1851
711,1974
712,2034
713,2000
714,1906
715,1852
716,1936
717,1999
718,2098
719,2269
720,2256
721,2150
722,2043
723,1928
724,1820
725,1730
726,1662
727,1585
728,1501
729,1509
730,1655
731,1754
732,1793
733,1840
734,1863
735,2008
736,2075
737,2027
738,1923
739,1834
740,1904
741,1955
742,2055
743,2227
744,2225
745,2098
746,1970
747,1856
748,1760
749,1682
750,1629
751,1566
752,1507
753,1533
754,1703
755,1848
756,1883
757,1882
758,1904
759,2074
760,2162
761,2019
762,1734
763,1747
764,1730
765,1415
766,1608
767,1800
768,1816
769,1758
770,1663
771,1587
772,1524
773,1451
774,1424
775,1424
776,1369
777,1385
778,1524
779,1632
780,1652
781,1656
782,1642
783,1768
784,1818
785,1823
786,1746
787,1697
788,1725
789,1726
790,1805
791,1941
792,1941
793,1828
794,1703
795,1595
796,1512
797,1393
798,1405
799,1429
800,1386
801,1412
802,1577
803,1707
804,1746
805,1749
806,1720
807,1869
808,1944
809,1904
810,1829
811,1771
812,1833
813,1845
814,1900
815,2033
816,2043
817,1935
818,1817
819,1721
820,1619
821,1541
822,1504
823,1479
824,1434
825,1459
826,1621
827,1759
828,1798
829,1824
830,1817
831,1926
832,1980
833,1943
834,1870
835,1804
836,1872
837,1895
838,1972
839,2137
840,2174
841,2118
842,1998
843,1883
844,1798
845,1714
846,1635
847,1542
848,1466
849,1423
850,1458
851,1521
852,1557
853,1595
854,1591
855,1669
856,1731
857,1696
858,1608
859,1561
860,1655
861,1742
862,1883
863,2082
864,2125
865,2023
866,1897
867,1778
868,1683
869,1614
870,1555
871,1503
872,1450
873,1490
874,1677
875,1802
876,1821
877,1848
878,1857
879,2014
880,2049
881,2021
882,1911
883,1838
884,1895
885,1955
886,2092
887,2269
888,1784
889,1827
890,1754
891,1752
892,1687
893,1612
894,1540
895,1481
896,1443
897,1431
898,1649
899,1741
900,1767
901,1766
902,1767
903,1884
904,1929
905,1881
906,1822
907,1749
908,1800
909,1845
910,1741
911,1945
912,1957
913,1845
914,1738
915,1639
916,1562
917,1500
918,1463
919,1433
920,1407
921,1446
922,1612
923,1747
924,1779
925,1785
926,1772
927,1904
928,1837
929,1653
930,1675
931,1651
932,1713
933,1731
934,1789
935,1907
936,1911
937,1784
938,1671
939,1580
940,1494
941,1431
942,1401
943,1413
944,1363
945,1411
946,1557
947,1709
948,1757
949,1768
950,1741
951,1859
952,1896
953,1920
954,1823
955,1757
956,1818
957,1840
958,1929
959,2113
960,2116
961,1996
962,1875
963,1761
964,1663
965,1583
966,1524
967,1500
968,1450
969,1497
970,1688
971,1769
972,1837
973,1827
974,1878
975,2028
976,2115
977,2072
978,1975
979,1880
980,1927
981,1984
982,2095
983,2284
984,2306
985,2209
986,2103
987,2000
988,1891
989,1785
990,1685
991,1604
992,1569
993,1586
994,1716
995,1846
996,1920
997,1969
998,2046
999,2173
1000,2237
1001,2128
1002,2040
1003,1998
1004,2052
1005,2148
1006,2242
1007,2401
1008,2398
1009,2337
1010,2249
1011,2151
1012,2038
1013,1950
1014,1844
1015,1719
1016,1622
1017,1588
1018,1635
1019,1739
1020,1834
1021,1944
1022,2034
1023,2175
1024,2198
1025,1596
1026,1112
1027,1308
1028,1398
1029,1361
1030,1454
1031,1672
1032,1809
1033,1776
1034,1676
1035,1597
1036,1525
1037,1461
1038,1413
1039,1398
1040,1377
1041,1411
1042,1589
1043,1725
1044,1775
1045,1785
1046,1779
1047,1912
1048,1975
1049,1942
1050,1855
1051,1764
1052,1844
1053,1874
1054,1964
1055,2120
1056,2153
1057,2026
1058,1896
1059,1784
1060,1689
1061,1619
1062,1555
1063,1510
1064,1458
1065,1501
1066,1696
1067,1827
1068,1891
1069,1936
1070,1942
1071,2082
1072,2136
1073,2063
1074,1977
1075,1889
1076,1949
1077,2024
1078,2136
1079,2242
1080,2330
1081,2202
1082,2079
1083,1965
1084,1242
1085,1361
1086,1439
1087,1469
1088,1451
1089,1498
1090,1678
1091,1796
1092,1870
1093,1919
1094,1926
1095,2080
1096,2135
1097,2118
1098,1990
1099,1914
1100,1944
1101,2008
1102,2148
1103,2344
1104,2399
1105,2288
1106,2155
1107,2019
1108,1904
1109,1786
1110,1690
1111,1609
1112,1562
1113,1599
1114,1768
1115,1880
1116,1955
1117,1989
1118,2025
1119,2172
1120,2241
1121,2172
1122,2047
1123,1787
1124,1870
1125,1975
1126,2145
1127,2372
1128,2368
1129,2279
1130,2163
1131,2041
1132,1909
1133,1809
1134,1701
1135,1614
1136,1580
1137,1612
1138,1801
1139,1897
1140,1912
1141,1962
1142,1986
1143,2165
1144,2236
1145,2150
1146,2048
1147,1948
1148,1993
1149,2071
1150,2224
1151,2435
1152,2465
1153,2353
1154,2235
1155,2107
1156,2009
1157,1925
1158,1769
1159,1683
1160,1652
1161,1657
1162,1801
1163,1929
1164,1982
1165,2018
1166,2080
1167,2231
1168,2173
1169,1988
1170,1929
1171,1885
1172,1943
1173,2002
1174,2107
1175,2308
1176,2363
1177,2280
1178,2169
1179,2063
1180,1954
1181,1857
1182,1724
1183,1605
1184,1530
1185,1502
1186,1553
1187,1627
1188,1682
1189,1747
1190,1811
1191,1879
1192,1983
1193,1920
1194,1789
1195,1709
1196,1801
1197,1890
1198,2071
1199,2282
1200,2362
1201,2279
1202,2152
1203,2012
1204,1891
1205,1806
1206,1689
1207,1583
1208,1554
1209,1590
1210,1780
1211,1930
1212,1981
1213,2028
1214,2087
1215,2229
1216,2278
1217,2232
1218,2117
1219,1969
1220,1996
1221,2066
1222,2192
1223,2413
1224,2471
1225,2374
1226,2227
1227,2129
1228,1980
1229,1858
1230,1724
1231,1638
1232,1605
1233,1639
1234,1829
1235,1974
1236,2049
1237,2112
1238,2175
1239,2309
1240,2396
1241,2332
1242,2187
1243,2047
1244,2092
1245,2202
1246,2367
1247,2543
1248,2339
1249,2384
1250,2300
1251,2222
1252,2147
1253,2032
1254,1880
1255,1779
1256,1734
1257,1732
1258,1908
1259,2057
1260,2126
1261,2184
1262,2250
1263,2388
1264,2455
1265,2391
1266,2257
1267,2118
1268,2164
1269,2274
1270,2453
1271,2636
1272,2612
1273,2511
1274,2420
1275,2312
1276,2205
1277,2073
1278,1904
1279,1754
1280,1691
1281,1710
1282,1915
1283,2091
1284,2222
1285,2268
1286,2288
1287,2436
1288,2459
1289,2387
1290,2221
1291,2082
1292,2110
1293,2196
1294,2331
1295,2518
1296,2563
1297,2462
1298,2344
1299,2214
1300,2089
1301,1965
1302,1820
1303,1691
1304,1659
1305,1715
1306,1895
1307,2057
1308,2080
1309,2154
1310,2199
1311,2384
1312,2469
1313,2397
1314,2234
1315,2072
1316,2073
1317,2145
1318,2300
1319,2497
1320,2542
1321,2499
1322,2375
1323,2249
1324,2133
1325,2012
1326,1844
1327,1699
1328,1654
1329,1666
1330,1819
1331,1956
1332,2012
1333,2047
1334,2170
1335,2291
1336,2402
1337,2336
1338,2202
1339,2049
1340,2080
1341,2180
1342,2308
1343,2512
1344,2592
1345,2529
1346,2420
1347,2316
1348,2202
1349,2079
1350,1920
1351,1778
1352,1459
1353,1616
1354,1658
1355,1751
1356,1837
1357,1931
1358,2030
1359,2182
1360,2119
1361,2056
1362,1921
1363,1878
1364,1938
1365,2051
1366,2269
1367,2520
1368,2611
1369,2565
1370,2464
1371,2370
1372,2247
1373,2137
1374,1975
1375,1837
1376,1769
1377,1800
1378,1971
1379,2130
1380,2210
1381,2307
1382,2366
1383,2527
1384,2573
1385,2486
1386,2323
1387,2135
1388,2144
1389,2260
1390,2453
1391,2684
1392,2703
1393,2562
1394,2446
1395,2348
1396,2237
1397,2107
1398,1965
1399,1844
1400,1810
1401,1868
1402,2074
1403,2224
1404,2298
1405,2333
1406,2379
1407,2535
1408,2589
1409,2513
1410,2351
1411,2182
1412,2204
1413,2394
1414,2678
1415,2771
1416,2744
1417,2617
1418,2516
1419,2413
1420,2311
1421,2216
1422,2042
1423,1867
1424,1814
1425,1858
1426,2031
1427,2183
1428,2275
1429,2372
1430,2428
1431,2595
1432,2683
1433,2568
1434,2406
1435,2210
1436,2231
1437,2334
1438,2475
1439,2651
1440,2710
1441,2593
1442,2472
1443,2369
1444,2257
1445,2154
1446,2002
1447,1907
1448,1847
1449,1893
1450,2080
1451,2213
1452,2257
1453,2345
1454,2426
1455,2601
1456,2657
1457,2574
1458,2395
1459,2222
1460,2256
1461,2379
1462,2573
1463,2794
1464,2813
1465,2710
1466,2617
1467,2499
1468,2399
1469,2295
1470,2140
1471,1987
1472,1910
1473,1933
1474,2105
1475,2270
1476,2365
1477,2453
1478,2516
1479,2721
1480,2779
1481,2707
1482,2508
1483,2316
1484,2311
1485,2008
1486,2044
1487,2350
1488,2476
1489,2391
1490,2279
1491,2168
1492,2063
1493,1952
1494,1812
1495,1679
1496,1655
1497,1648
1498,1801
1499,1955
1500,2025
1501,2082
1502,2133
1503,2332
1504,2404
1505,2354
1506,2215
1507,2073
1508,2074
1509,2166
1510,2251
1511,2420
1512,2507
1513,2422
1514,2299
1515,2174
1516,2067
1517,1971
1518,1838
1519,1687
1520,1594
1521,1593
1522,1640
1523,1748
1524,1855
1525,1972
1526,2058
1527,2202
1528,2268
1529,2186
1530,2041
1531,1911
1532,1960
1533,2106
1534,2312
1535,2541
1536,2636
1537,2539
1538,2412
1539,2303
1540,2190
1541,2082
1542,1932
1543,1832
1544,1773
1545,1821
1546,2047
1547,2208
1548,2320
1549,2406
1550,2473
1551,2650
1552,2697
1553,2629
1554,2477
1555,2298
1556,2297
1557,2427
1558,2581
1559,2773
1560,2803
1561,2703
1562,2587
1563,2454
1564,2337
1565,2249
1566,2076
1567,1945
1568,1904
1569,1938
1570,2141
1571,2290
1572,2384
1573,2474
1574,2552
1575,2724
1576,2760
1577,2672
1578,2526
1579,2330
1580,2328
1581,2465
1582,2658
1583,2865
1584,2862
1585,2740
1586,2669
1587,2560
1588,2437
1589,2321
1590,2120
1591,1962
1592,1875
1593,1914
1594,2055
1595,2165
1596,2265
1597,2301
1598,2346
1599,2531
1600,2631
1601,2551
1602,2421
1603,2250
1604,2264
1605,2385
1606,2545
1607,2730
1608,2745
1609,2607
1610,2506
1611,2388
1612,2280
1613,2150
1614,1997
1615,1888
1616,1823
1617,1886
1618,2079
1619,2257
1620,2333
1621,2446
1622,2485
1623,2650
1624,2728
1625,2650
1626,2488
1627,2297
1628,2329
1629,2465
1630,2638
1631,2855
1632,2872
1633,2749
1634,2665
1635,2522
1636,2424
1637,2303
1638,2161
1639,2048
1640,2003
1641,2047
1642,2232
1643,2404
1644,2493
1645,2579
1646,2625
1647,2844
1648,2901
1649,2768
1650,2572
1651,2365
1652,2380
1653,2522
1654,2681
1655,2798
1656,2821
1657,2731
1658,2621
1659,2510
1660,2400
1661,2294
1662,2128
1663,2010
1664,1930
1665,1941
1666,2096
1667,2279
1668,2405
1669,2468
1670,2554
1671,2729
1672,2771
1673,2584
1674,1320
1675,1517
1676,1706
1677,1863
1678,1975
1679,2219
1680,2213
1681,2219
1682,2154
1683,2063
1684,1968
1685,1882
1686,1768
1687,1671
1688,1607
1689,1582
1690,1606
1691,1698
1692,1816
1693,1891
1694,1954
1695,2105
1696,2172
1697,2110
1698,1982
1699,1873
1700,1957
1701,2143
1702,2351
1703,2532
1704,2603
1705,2513
1706,2413
1707,2282
1708,2188
1709,2093
1710,1939
1711,1812
1712,1767
1713,1816
1714,2017
1715,2191
1716,2269
1717,2390
1718,2459
1719,2625
1720,2691
1721,2496
1722,2335
1723,2132
1724,2165
1725,2331
1726,2497
1727,2723
1728,2665
1729,2611
1730,2507
1731,2402
1732,2271
1733,2150
1734,2013
1735,1878
1736,1859
1737,1903
1738,2109
1739,2276
1740,2341
1741,2478
1742,2577
1743,2714
1744,2774
1745,2687
1746,2485
1747,2345
1748,2392
1749,2544
1750,2740
1751,2877
1752,2840
1753,2760
1754,2651
1755,2588
1756,2503
1757,2400
1758,2235
1759,2086
1760,2023
1761,2034
1762,2192
1763,2341
1764,2430
1765,2444
1766,2579
1767,2767
1768,2820
1769,2679
1770,2471
1771,2288
1772,2313
1773,2469
1774,2663
1775,2876
1776,2828
1777,2765
1778,2676
1779,2609
1780,2496
1781,2399
1782,2180
1783,2077
1784,1991
1785,1975
1786,2101
1787,2229
1788,2315
1789,2417
1790,2499
1791,2695
1792,2752
1793,2688
1794,2478
1795,2281
1796,2261
1797,2420
1798,2600
1799,2811
1800,2867
1801,2781
1802,2693
1803,2588
1804,2495
1805,2382
1806,2203
1807,2006
1808,1951
1809,1914
1810,2065
1811,2205
1812,2305
1813,2376
1814,2430
1815,2623
1816,2683
1817,2606
1818,2436
1819,2235
1820,2238
1821,2358
1822,2408
1823,2732
1824,2813
1825,2726
1826,2592
1827,2519
1828,2434
1829,2343
1830,2173
1831,2009
1832,1899
1833,1831
1834,1934
1835,2048
1836,2182
1837,2292
1838,2380
1839,2498
1840,2592
1841,2493
1842,2334
1843,2164
1844,2190
1845,2325
1846,2480
1847,2668
1848,2729
1849,2660
1850,2548
1851,2451
1852,2354
1853,2219
1854,2007
1855,1824
1856,1734
1857,1692
1858,1699
1859,1772
1860,1844
1861,1921
1862,1991
1863,2107
1864,2217
1865,2161
1866,2015
1867,1864
1868,1879
1869,2040
1870,2214
1871,2408
1872,2485
1873,2401
1874,2295
1875,2191
1876,2097
1877,2006
1878,1855
1879,1773
1880,1750
1881,1759
1882,1946
1883,2066
1884,2106
1885,2164
1886,2220
1887,2367
1888,2470
1889,2401
1890,2272
1891,2075
1892,2039
1893,2106
1894,2237
1895,2444
1896,2512
1897,2397
1898,2278
1899,2138
1900,2032
1901,1936
1902,1790
1903,1721
1904,1692
1905,1728
1906,1930
1907,2077
1908,2112
1909,2176
1910,2221
1911,2371
1912,2465
1913,2422
1914,2284
1915,2088
1916,2068
1917,2161
1918,2350
1919,2613
1920,2681
1921,2582
1922,2464
1923,2335
1924,2223
1925,2105
1926,1966
1927,1834
1928,1810
1929,1856
1930,2049
1931,2197
1932,2276
1933,2361
1934,2397
1935,2539
1936,2589
1937,2537
1938,2388
1939,2193
1940,2210
1941,2328
1942,2513
1943,2748
1944,2789
1945,2672
1946,2551
1947,2465
1948,2367
1949,2249
1950,2078
1951,1954
1952,1902
1953,1937
1954,2099
1955,2276
1956,2358
1957,2438
1958,2498
1959,2556
1960,2654
1961,2601
1962,2448
1963,2267
1964,2259
1965,2382
1966,2552
1967,2771
1968,2794
1969,2720
1970,2612
1971,2516
1972,2422
1973,2287
1974,2134
1975,2014
1976,1953
1977,1994
1978,2194
1979,2331
1980,2442
1981,2500
1982,2524
1983,2723
1984,2768
1985,2648
1986,2492
1987,2263
1988,2279
1989,2461
1990,2638
1991,2839
1992,2863
1993,2788
1994,2705
1995,2633
1996,2551
1997,2451
1998,2285
1999,2135
2000,2034
2001,2030
2002,2148
2003,2273
2004,2369
2005,2454
2006,2540
2007,2712
2008,2784
2009,2701
2010,2478
2011,2295
2012,2268
2013,2396
2014,2583
2015,2806
2016,2824
2017,2735
2018,2712
2019,2618
2020,2507
2021,2410
2022,2252
2023,2072
2024,1959
2025,1839
2026,1856
2027,1972
2028,2069
2029,2195
2030,2328
2031,2506
2032,2566
2033,2465
2034,2282
2035,2063
2036,2081
2037,2300
2038,2562
2039,2809
2040,2881
2041,2801
2042,2720
2043,2657
2044,2551
2045,2448
2046,2242
2047,2083
2048,2025
2049,2041
2050,2202
2051,2349
2052,2486
2053,2604
2054,2675
2055,2854
2056,2923
2057,2857
2058,2533
2059,2274
2060,2274
2061,2410
2062,2607
2063,2882
2064,2925
2065,2835
2066,2744
2067,2632
2068,2517
2069,2386
2070,2217
2071,2085
2072,2026
2073,1996
2074,2134
2075,2217
2076,2269
2077,2293
2078,2270
2079,2390
2080,2431
2081,2349
2082,2198
2083,2080
2084,2138
2085,2294
2086,2466
2087,2706
2088,2742
2089,2617
2090,2504
2091,2411
2092,2279
2093,2147
2094,1998
2095,1858
2096,1726
2097,1726
2098,1907
2099,2104
2100,2191
2101,2268
2102,2342
2103,2499
2104,2470
2105,2420
2106,2308
2107,2061
2108,2054
2109,2013
2110,2134
2111,2256
2112,2348
2113,2250
2114,1930
2115,1848
2116,1826
2117,1810
2118,1724
2119,1689
2120,1653
2121,1720
2122,1867
2123,2023
2124,2053
2125,2132
2126,2122
2127,2191
2128,2314
2129,2239
2130,2148
2131,2015
2132,1948
2133,2075
2134,2217
2135,2351
2136,2354
2137,2234
2138,2136
2139,2027
2140,1880
2141,1818
2142,1731
2143,1680
2144,1653
2145,1687
2146,1860
2147,2006
2148,2055
2149,2118
2150,2087
2151,2151
2152,2123
2153,2067
2154,2013
2155,1957
2156,2019
2157,2140
2158,2221
2159,2292
2160,2307
2161,2200
2162,2077
2163,1993
2164,1905
2165,1813
2166,1705
2167,1661
2168,1623
2169,1657
2170,1847
2171,2007
2172,2032
2173,2092
2174,2129
2175,2207
2176,2036
2177,2062
2178,2069
2179,2015
2180,2073
2181,2215
2182,2322
2183,2456
2184,2461
2185,2353
2186,2231
2187,2138
2188,2031
2189,1942
2190,1820
2191,1680
2192,1670
2193,1638
2194,1674
2195,1768
2196,1873
2197,1959
2198,2044
2199,2126
2200,2166
2201,2114
2202,2014
2203,1849
2204,1946
2205,2141
2206,2335
2207,2511
2208,2542
2209,2426
2210,2303
2211,2171
2212,2081
2213,1987
2214,1847
2215,1768
2216,1707
2217,1758
2218,1935
2219,2083
2220,2126
2221,2171
2222,2251
2223,2460
2224,2559
2225,2478
2226,2359
2227,2186
2228,2144
2229,1694
2230,1937
2231,2182
2232,2250
2233,2156
2234,2045
2235,1947
2236,1864
2237,1780
2238,1701
2239,1655
2240,1641
2241,1707
2242,1903
2243,2066
2244,2120
2245,2143
2246,2165
2247,2360
2248,2391
2249,2352
2250,2252
2251,2091
2252,2105
2253,2216
2254,2392
2255,2615
2256,2626
2257,2456
2258,2321
2259,2182
2260,2066
2261,1979
2262,1840
2263,1718
2264,1641
2265,1686
2266,1869
2267,1998
2268,2038
2269,2101
2270,2124
2271,2291
2272,2376
2273,2319
2274,2174
2275,2086
2276,2077
2277,2233
2278,2424
2279,2639
2280,2618
2281,2480
2282,2356
2283,2227
2284,2100
2285,1975
2286,1851
2287,1785
2288,1753
2289,1809
2290,1992
2291,2151
2292,2253
2293,2301
2294,2350
2295,2535
2296,2144
2297,2056
2298,2117
2299,2048
2300,2091
2301,2239
2302,2389
2303,2585
2304,2574
2305,2403
2306,2261
2307,2148
2308,2057
2309,1966
2310,1825
2311,1773
2312,1768
2313,1773
2314,1996
2315,2095
2316,2183
2317,2242
2318,2272
2319,2454
2320,2515
2321,2441
2322,2323
2323,2152
2324,2143
2325,2279
2326,2442
2327,2653
2328,2660
2329,2545
2330,2422
2331,2308
2332,2175
2333,2061
2334,1926
2335,1835
2336,1797
2337,1828
2338,1987
2339,2145
2340,2230
2341,2305
2342,2334
2343,2527
2344,2574
2345,2493
2346,2354
2347,2183
2348,2179
2349,2307
2350,2462
2351,2648
2352,2613
2353,2621
2354,2514
2355,2405
2356,2309
2357,2191
2358,2046
2359,1916
2360,1777
2361,1857
2362,1890
2363,1955
2364,2022
2365,2129
2366,2231
2367,2373
2368,2424
2369,2340
2370,2188
2371,2048
2372,2074
2373,2306
2374,2627
2375,2812
2376,2825
2377,2723
2378,2619
2379,2542
2380,2424
2381,2330
2382,2171
2383,2049
2384,2011
2385,2086
2386,2271
2387,2402
2388,2496
2389,2572
2390,2631
2391,2824
2392,2910
2393,2747
2394,2535
2395,2323
2396,2395
2397,2663
2398,2874
2399,2972
2400,2909
2401,2749
2402,2633
2403,2525
2404,2421
2405,2318
2406,2151
2407,2051
2408,1999
2409,2052
2410,2257
2411,2431
2412,2517
2413,2591
2414,2662
2415,2861
2416,2939
2417,2806
2418,2661
2419,2491
2420,2494
2421,2709
2422,2843
2423,2894
2424,2908
2425,2771
2426,2665
2427,2543
2428,2423
2429,2317
2430,2164
2431,2063
2432,2012
2433,2075
2434,2253
2435,2407
2436,2477
2437,2518
2438,2562
2439,2691
2440,2715
2441,2606
2442,2422
2443,2241
2444,2286
2445,2454
2446,2628
2447,2808
2448,2783
2449,2625
2450,2486
2451,2370
2452,2241
2453,2142
2454,2006
2455,1914
2456,1871
2457,1907
2458,2104
2459,2237
2460,2312
2461,2365
2462,2416
2463,2650
2464,2772
2465,2669
2466,2497
2467,2368
2468,2376
2469,2425
2470,2520
2471,2717
2472,2710
2473,2556
2474,2423
2475,2305
2476,2197
2477,2087
2478,1942
2479,1852
2480,1841
2481,1905
2482,2078
2483,2231
2484,2246
2485,2206
2486,2231
2487,2387
2488,2237
2489,1969
2490,1966
2491,1971
2492,2013
2493,2094
2494,2216
2495,2353
2496,2333
2497,2216
2498,2104
2499,2015
2500,1926
2501,1858
2502,1752
2503,1704
2504,1681
2505,1688
2506,1824
2507,1992
2508,2040
2509,2065
2510,1979
2511,2087
2512,2121
2513,2093
2514,2012
2515,1933
2516,1953
2517,2087
2518,2161
2519,2306
2520,2342
2521,2216
2522,2103
2523,1992
2524,1899
2525,1809
2526,1728
2527,1635
2528,1608
2529,1620
2530,1655
2531,1731
2532,1850
2533,1940
2534,2013
2535,2123
2536,2149
2537,2064
2538,1944
2539,1865
2540,1968
2541,2174
2542,2369
2543,2540
2544,2556
2545,2410
2546,2293
2547,2173
2548,2071
2549,1979
2550,1885
2551,1837
2552,1829
2553,1895
2554,2080
2555,2196
2556,2263
2557,2274
2558,2141
2559,2172
2560,2193
2561,2181
2562,2094
2563,2037
2564,2122
2565,2239
2566,2378
2567,2522
2568,2471
2569,2302
2570,2165
2571,2072
2572,1994
2573,1917
2574,1831
2575,1800
2576,1769
2577,1839
2578,2026
2579,2172
2580,2198
2581,2224
2582,2262
2583,2436
2584,2503
2585,2433
2586,2319
2587,2212
2588,2295
2589,2464
2590,2641
2591,2788
2592,2725
2593,2543
2594,2422
2595,2292
2596,2186
2597,2084
2598,1959
2599,1905
2600,1893
2601,1947
2602,2114
2603,2276
2604,2309
2605,2341
2606,2350
2607,2588
2608,2653
2609,2533
2610,2411
2611,2175
2612,2257
2613,2388
2614,2515
2615,2668
2616,2641
2617,2486
2618,2374
2619,2271
2620,2163
2621,2059
2622,1962
2623,1886
2624,1881
2625,1952
2626,2113
2627,2261
2628,2325
2629,2346
2630,2368
2631,2550
2632,2599
2633,2582
2634,2434
2635,2203
2636,2286
2637,2418
2638,2538
2639,2751
2640,2720
2641,2549
2642,2408
2643,2288
2644,2183
2645,2024
2646,1909
2647,1855
2648,1799
2649,1838
2650,1984
2651,2083
2652,2089
2653,2093
2654,2082
2655,2256
2656,2293
2657,2305
2658,2229
2659,2132
2660,2192
2661,2294
2662,2373
2663,2512
2664,2511
2665,2351
2666,2237
2667,2139
2668,2017
2669,1945
2670,1866
2671,1814
2672,1774
2673,1804
2674,1948
2675,2061
2676,2179
2677,2234
2678,2169
2679,2101
2680,2094
2681,2058
2682,2003
2683,1976
2684,2024
2685,2026
2686,2093
2687,2205
2688,2204
2689,2100
2690,1973
2691,1884
2692,1800
2693,1744
2694,1682
2695,1606
2696,1553
2697,1552
2698,1597
2699,1648
2700,1752
2701,1859
2702,1876
2703,1944
2704,1797
2705,1662
2706,1698
2707,1683
2708,1830
2709,1942
2710,2076
2711,2193
2712,2171
2713,2040
2714,1924
2715,1836
2716,1751
2717,1685
2718,1631
2719,1635
2720,1633
2721,1733
2722,1925
2723,2054
2724,2085
2725,2112
2726,2108
2727,2220
2728,2301
2729,2226
2730,2135
2731,2028
2732,2084
2733,2167
2734,2289
2735,2463
2736,2424
2737,2249
2738,2125
2739,2020
2740,1925
2741,1832
2742,1782
2743,1770
2744,1753
2745,1811
2746,2003
2747,2124
2748,2158
2749,2156
2750,2186
2751,2366
2752,2434
2753,2376
2754,2285
2755,2168
2756,2237
2757,2356
2758,2504
2759,2655
2760,2589
2761,2422
2762,2293
2763,2182
2764,2077
2765,1965
2766,1902
2767,1840
2768,1783
2769,1819
2770,1960
2771,2049
2772,2046
2773,1987
2774,2025
2775,2178
2776,2220
2777,2120
2778,2100
2779,2048
2780,2116
2781,2170
2782,2276
2783,2420
2784,2378
2785,2211
2786,2091
2787,1992
2788,1880
2789,1780
2790,1710
2791,1703
2792,1665
2793,1626
2794,1733
2795,1773
2796,1849
2797,1861
2798,1807
2799,1881
2800,1932
2801,1869
2802,1855
2803,1812
2804,1869
2805,1904
2806,1951
2807,1995
2808,1942
2809,1819
2810,1708
2811,1593
2812,1522
2813,1469
2814,1458
2815,1505
2816,1519
2817,1564
2818,1713
2819,1846
2820,1881
2821,1851
2822,1792
2823,1864
2824,1865
2825,1847
2826,1830
2827,1769
2828,1808
2829,1820
2830,1818
2831,1852
2832,1815
2833,1704
2834,1611
2835,1530
2836,1477
2837,1439
2838,1426
2839,1455
2840,1458
2841,1511
2842,1655
2843,1763
2844,1791
2845,1794
2846,1762
2847,1839
2848,1855
2849,1845
2850,1793
2851,1692
2852,1744
2853,1751
2854,1756
2855,1791
2856,1773
2857,1676
2858,1593
2859,1522
2860,1467
2861,1432
2862,1394
2863,1385
2864,1380
2865,1404
2866,1478
2867,1585
2868,1649
2869,1696
2870,1733
2871,1794
2872,1812
2873,1797
2874,1746
2875,1739
2876,1868
2877,2040
2878,2156
2879,2328
2880,2255
2881,1851
2882,1790
2883,1709
2884,1630
2885,1569
2886,1562
2887,1544
2888,1539
2889,1548
2890,1723
2891,1876
2892,1953
2893,1959
2894,1932
2895,2105
2896,2172
2897,2133
2898,2077
2899,2002
2900,2055
2901,2187
2902,2303
2903,2422
2904,2374
2905,2182
2906,2033
2907,1907
2908,1818
2909,1723
2910,1667
2911,1656
2912,1623
2913,1669
2914,1833
2915,1931
2916,1974
2917,1979
2918,1956
2919,2075
2920,2127
2921,2095
2922,2044
2923,2028
2924,2102
2925,2225
2926,2233
2927,2039
2928,2006
2929,1861
2930,1766
2931,1695
2932,1641
2933,1606
2934,1584
2935,1615
2936,1602
2937,1657
2938,1819
2939,1948
2940,1942
2941,2014
2942,2021
2943,2171
2944,2241
2945,2221
2946,2135
2947,2040
2948,2130
2949,2231
2950,2356
2951,2473
2952,2410
2953,2264
2954,2125
2955,1994
2956,1889
2957,1796
2958,1712
2959,1688
2960,1646
2961,1687
2962,1856
2963,1954
2964,2000
2965,2031
2966,2030
2967,2227
2968,2330
2969,2272
2970,2174
2971,2081
2972,2156
2973,2266
2974,2424
2975,2551
2976,2508
2977,2314
2978,2169
2979,2047
2980,1917
2981,1838
2982,1769
2983,1732
2984,1689
2985,1723
2986,1881
2987,1996
2988,2031
2989,2057
2990,2036
2991,2205
2992,2229
2993,2164
2994,2137
2995,2048
2996,2106
2997,2197
2998,2280
2999,2399
3000,2399
3001,2240
3002,2118
3003,1992
3004,1900
3005,1817
3006,1749
3007,1673
3008,1627
3009,1639
3010,1797
3011,1919
3012,1982
3013,2033
3014,2030
3015,2190
3016,2227
3017,2214
3018,2123
3019,2037
3020,2103
3021,2216
3022,2305
3023,2465
3024,2469
3025,2315
3026,2188
3027,2069
3028,1946
3029,1863
3030,1780
3031,1679
3032,1570
3033,1580
3034,1619
3035,1696
3036,1763
3037,1798
3038,1805
3039,1846
3040,1816
3041,1771
3042,1752
3043,1731
3044,1888
3045,2001
3046,2125
3047,2248
3048,2234
3049,2078
3050,1968
3051,1869
3052,1789
3053,1720
3054,1694
3055,1662
3056,1646
3057,1690
3058,1828
3059,1929
3060,1899
3061,1883
3062,1863
3063,1917
3064,1946
3065,1918
3066,1876
3067,1835
3068,1897
3069,1902
3070,1971
3071,2080
3072,2047
3073,1904
3074,1795
3075,1693
3076,1624
3077,1583
3078,1571
3079,1612
3080,1586
3081,1631
3082,1783
3083,1889
3084,1948
3085,1928
3086,1906
3087,2007
3088,2034
3089,1940
3090,1856
3091,1827
3092,1916
3093,1971
3094,2003
3095,2076
3096,2037
3097,1894
3098,1802
3099,1719
3100,1631
3101,1550
3102,1546
3103,1600
3104,1576
3105,1640
3106,1752
3107,1859
3108,1962
3109,1925
3110,1957
3111,2087
3112,2131
3113,2077
3114,2061
3115,1971
3116,2061
3117,2131
3118,2216
3119,2325
3120,2285
3121,2122
3122,2002
3123,1891
3124,1807
3125,1742
3126,1690
3127,1698
3128,1680
3129,1724
3130,1883
3131,2010
3132,2066
3133,2071
3134,2072
3135,2235
3136,2309
3137,2266
3138,2189
3139,2070
3140,2180
3141,2291
3142,2419
3143,2527
3144,2483
3145,2315
3146,2195
3147,2076
3148,1985
3149,1871
3150,1812
3151,1786
3152,1768
3153,1833
3154,2006
3155,2146
3156,2152
3157,2215
3158,2221
3159,2326
3160,2208
3161,2171
3162,2181
3163,2141
3164,2250
3165,2317
3166,2371
3167,2489
3168,2479
3169,2305
3170,2194
3171,2083
3172,1983
3173,1914
3174,1836
3175,1765
3176,1732
3177,1745
3178,1880
3179,2008
3180,2076
3181,2144
3182,2193
3183,2330
3184,2353
3185,2288
3186,2205
3187,2119
3188,2171
3189,2290
3190,2379
3191,2508
3192,2518
3193,2373
3194,2268
3195,2147
3196,2039
3197,1957
3198,1874
3199,1769
3200,1685
3201,1631
3202,1656
3203,1682
3204,1770
3205,1803
3206,1805
3207,1876
3208,1907
3209,1892
3210,1840
3211,1801
3212,1973
3213,2120
3214,2294
3215,2452
3216,2415
3217,2235
3218,2114
3219,2011
3220,1901
3221,1818
3222,1762
3223,1735
3224,1683
3225,1691
3226,1889
3227,2018
3228,2042
3229,2067
3230,2058
3231,2181
3232,2245
3233,2197
3234,2143
3235,2044
3236,2148
3237,2246
3238,2355
3239,2479
3240,2420
3241,2266
3242,2132
3243,2033
3244,1956
3245,1898
3246,1817
3247,1779
3248,1769
3249,1792
3250,1957
3251,2087
3252,2116
3253,2176
3254,2176
3255,2310
3256,2377
3257,2314
3258,2207
3259,2099
3260,2174
3261,2297
3262,2398
3263,2573
3264,2556
3265,2422
3266,2305
3267,2194
3268,2104
3269,2017
3270,1921
3271,1826
3272,1754
3273,1663
3274,1632
3275,1631
3276,1681
3277,1789
3278,1920
3279,2013
3280,1975
3281,1678
3282,1586
3283,1599
3284,1714
3285,2005
3286,2188
3287,2344
3288,2356
3289,2227
3290,2107
3291,2012
3292,1923
3293,1838
3294,1742
3295,1732
3296,1697
3297,1758
3298,1935
3299,2078
3300,2153
3301,2182
3302,2190
3303,2296
3304,2298
3305,2186
3306,2153
3307,2102
3308,2227
3309,2306
3310,2396
3311,2539
3312,2498
3313,2346
3314,2214
3315,2103
3316,1991
3317,1913
3318,1856
3319,1780
3320,1791
3321,1833
3322,2013
3323,2178
3324,2260
3325,2315
3326,2324
3327,2432
3328,2389
3329,2326
3330,2247
3331,2154
3332,2275
3333,2378
3334,2509
3335,2663
3336,2606
3337,2450
3338,2326
3339,2213
3340,2086
3341,2005
3342,1925
3343,1848
3344,1823
3345,1857
3346,2020
3347,2149
3348,2180
3349,2265
3350,2262
3351,2433
3352,2483
3353,2314
3354,2105
3355,2074
3356,2211
3357,2259
3358,2358
3359,2460
3360,2453
3361,2317
3362,2198
3363,2113
3364,2000
3365,1930
3366,1862
3367,1768
3368,1692
3369,1674
3370,1706
3371,1826
3372,1942
3373,1971
3374,1792
3375,1744
3376,1792
3377,1807
3378,1815
3379,1809
3380,1965
3381,2071
3382,2195
3383,2315
3384,2312
3385,2157
3386,2043
3387,1945
3388,1847
3389,1790
3390,1753
3391,1719
3392,1724
3393,1796
3394,1981
3395,2122
3396,2155
3397,2173
3398,2182
3399,2331
3400,2396
3401,2297
3402,2199
3403,2100
3404,2170
3405,2267
3406,2378
3407,2485
3408,2422
3409,2239
3410,2109
3411,1973
3412,1881
3413,1806
3414,1746
3415,1729
3416,1703
3417,1771
3418,1958
3419,2080
3420,2121
3421,2130
3422,2176
3423,2304
3424,2384
3425,2339
3426,2226
3427,2123
3428,2232
3429,2320
3430,2433
3431,2555
3432,2554
3433,2408
3434,2271
3435,2164
3436,2070
3437,1984
3438,1902
3439,1832
3440,1793
3441,1801
3442,1953
3443,2091
3444,2137
3445,2172
3446,2202
3447,2260
3448,2063
3449,1983
3450,1980
3451,1963
3452,2103
3453,2198
3454,2340
3455,2468
3456,2418
3457,2255
3458,2128
3459,2011
3460,1922
3461,1835
3462,1799
3463,1769
3464,1718
3465,1721
3466,1801
3467,1889
3468,1950
3469,1974
3470,1993
3471,2132
3472,2145
3473,2101
3474,2057
3475,2012
3476,2123
3477,2188
3478,2251
3479,2351
3480,2305
3481,2150
3482,2009
3483,1905
3484,1814
3485,1746
3486,1717
3487,1695
3488,1658
3489,1685
3490,1838
3491,1949
3492,1975
3493,1980
3494,1969
3495,2101
3496,2212
3497,2182
3498,2118
3499,2011
3500,2118
3501,2170
3502,2245
3503,2371
3504,2342
3505,2186
3506,2044
3507,1919
3508,1814
3509,1725
3510,1687
3511,1657
3512,1586
3513,1616
3514,1763
3515,1877
3516,1928
3517,1928
3518,1935
3519,2022
3520,2032
3521,2020
3522,1979
3523,1942
3524,2033
3525,2063
3526,2107
3527,2203
3528,2231
3529,2105
3530,1983
3531,1872
3532,1770
3533,1699
3534,1661
3535,1589
3536,1543
3537,1497
3538,1546
3539,1611
3540,1677
3541,1732
3542,1773
3543,1855
3544,1866
3545,1838
3546,1783
3547,1753
3548,1910
3549,2025
3550,2174
3551,2305
3552,2328
3553,2181
3554,2051
3555,1956
3556,1861
3557,1795
3558,1747
3559,1695
3560,1579
3561,1685
3562,1836
3563,1975
3564,1987
3565,1989
3566,1991
3567,2095
3568,2151
3569,2126
3570,2051
3571,2028
3572,2104
3573,2148
3574,2237
3575,2350
3576,2309
3577,2150
3578,2022
3579,1934
3580,1797
3581,1607
3582,1504
3583,1466
3584,1439
3585,1491
3586,1693
3587,1904
3588,1982
3589,1975
3590,1926
3591,2071
3592,2083
3593,2009
3594,1990
3595,1968
3596,2011
3597,1992
3598,2048
3599,2120
3600,2072
3601,1930
3602,1810
3603,1722
3604,1647
3605,1593
3606,1589
3607,1624
3608,1619
3609,1568
3610,1798
3611,1945
3612,1966
3613,1966
3614,1910
3615,1984
3616,2048
3617,2034
3618,1991
3619,1926
3620,1973
3621,1966
3622,2028
3623,2113
3624,2028
3625,1913
3626,1830
3627,1722
3628,1649
3629,1588
3630,1596
3631,1615
3632,1608
3633,1657
3634,1825
3635,1963
3636,1998
3637,2006
3638,2011
3639,2168
3640,2221
3641,2176
3642,2108
3643,2057
3644,2191
3645,2260
3646,2341
3647,2412
3648,2351
3649,2177
3650,2060
3651,1958
3652,1861
3653,1772
3654,1710
3655,1696
3656,1656
3657,1713
3658,1864
3659,1988
3660,2000
3661,2060
3662,2034
3663,2147
3664,2220
3665,2185
3666,2129
3667,2086
3668,2208
3669,2254
3670,2324
3671,2424
3672,2397
3673,2226
3674,2098
3675,1993
3676,1889
3677,1807
3678,1784
3679,1711
3680,1626
3681,1548
3682,1662
3683,1802
3684,1823
3685,1845
3686,1788
3687,1827
3688,1833
3689,1822
3690,1841
3691,1845
3692,1958
3693,1964
3694,2005
3695,2086
3696,2069
3697,1946
3698,1837
3699,1751
3700,1676
3701,1611
3702,1561
3703,1453
3704,1430
3705,1461
3706,1519
3707,1538
3708,1553
3709,1562
3710,1535
3711,1546
3712,1544
3713,1517
3714,1527
3715,1584
3716,1686
3717,1706
3718,1747
3719,1801
3720,1784
3721,1690
3722,1600
3723,1535
3724,1475
3725,1438
3726,1437
3727,1413
3728,1430
3729,1483
3730,1616
3731,1711
3732,1739
3733,1688
3734,1632
3735,1632
3736,1637
3737,1625
3738,1630
3739,1634
3740,1709
3741,1694
3742,1685
3743,1715
3744,1699
3745,1654
3746,1581
3747,1501
3748,1434
3749,1398
3750,1428
3751,1495
3752,1490
3753,1563
3754,1724
3755,1827
3756,1835
3757,1799
3758,1746
3759,1800
3760,1813
3761,1782
3762,1771
3763,1744
3764,1804
3765,1763
3766,1749
3767,1774
3768,1709
3769,1587
3770,1503
3771,1434
3772,1380
3773,1362
3774,1394
3775,1460
3776,1475
3777,1485
3778,1615
3779,1729
3780,1766
3781,1765
3782,1721
3783,1782
3784,1808
3785,1822
3786,1804
3787,1808
3788,1888
3789,1868
3790,1871
3791,1920
3792,1869
3793,1731
3794,1636
3795,1562
3796,1512
3797,1461
3798,1473
3799,1524
3800,1488
3801,1556
3802,1678
3803,1813
3804,1850
3805,1843
3806,1845
3807,1972
3808,2030
3809,2025
3810,1955
3811,1577
3812,1715
3813,1762
3814,1763
3815,1824
3816,1775
3817,1651
3818,1560
3819,1485
3820,1426
3821,1401
3822,1437
3823,1514
3824,1520
3825,1592
3826,1748
3827,1878
3828,1929
3829,1927
3830,1898
3831,1985
3832,1841
3833,1822
3834,1841
3835,1841
3836,1882
3837,1841
3838,1822
3839,1821
3840,1767
3841,1648
3842,1559
3843,1499
3844,1441
3845,1409
3846,1428
3847,1451
3848,1477
3849,1522
3850,1674
3851,1759
3852,1798
3853,1813
3854,1736
3855,1831
3856,1823
3857,1801
3858,1788
3859,1780
3860,1704
3861,1742
3862,1750
3863,1783
3864,1758
3865,1648
3866,1558
3867,1485
3868,1425
3869,1378
3870,1376
3871,1355
3872,1352
3873,1373
3874,1436
3875,1510
3876,1546
3877,1558
3878,1555
3879,1580
3880,1574
3881,1561
3882,1557
3883,1602
3884,1707
3885,1731
3886,1772
3887,1805
3888,1758
3889,1638
3890,1555
3891,1483
3892,1425
3893,1384
3894,1416
3895,1488
3896,1484
3897,1536
3898,1713
3899,1808
3900,1840
3901,1822
3902,1785
3903,1863
3904,1891
3905,1866
3906,1870
3907,1847
3908,1907
3909,1913
3910,1878
3911,1947
3912,1886
3913,1742
3914,1634
3915,1552
3916,1486
3917,1443
3918,1472
3919,1522
3920,1525
3921,1571
3922,1744
3923,1850
3924,1896
3925,1865
3926,1891
3927,1992
3928,2022
3929,2012
3930,1975
3931,1942
3932,2026
3933,2055
3934,2084
3935,2133
3936,2076
3937,1904
3938,1780
3939,1695
3940,1619
3941,1547
3942,1558
3943,1582
3944,1557
3945,1564
3946,1776
3947,1849
3948,1888
3949,1870
3950,1869
3951,1985
3952,2042
3953,2026
3954,2002
3955,1991
3956,2064
3957,2081
3958,2113
3959,2175
3960,2107
3961,1944
3962,1819
3963,1723
3964,1639
3965,1568
3966,1567
3967,1575
3968,1548
3969,1597
3970,1749
3971,1815
3972,1887
3973,1917
3974,1889
3975,2016
3976,2045
3977,2027
3978,1968
3979,1953
3980,2004
3981,2013
3982,2057
3983,2116
3984,2054
3985,1907
3986,1785
3987,1679
3988,1613
3989,1548
3990,1545
3991,1558
3992,1525
3993,1567
3994,1743
3995,1848
3996,1895
3997,1920
3998,1909
3999,1996
4000,2032
4001,2009
4002,1973
4003,1967
4004,2019
4005,2030
4006,2066
4007,2152
4008,2126
4009,1979
4010,1858
4011,1741
4012,1651
4013,1588
4014,1556
4015,1535
4016,1505
4017,1534
4018,1684
4019,1785
4020,1836
4021,1871
4022,1874
4023,1960
4024,1959
4025,1946
4026,1892
4027,1902
4028,1973
4029,1966
4030,1983
4031,2075
4032,2067
4033,1965
4034,1856
4035,1760
4036,1684
4037,1617
4038,1578
4039,1512
4040,1475
4041,1485
4042,1563
4043,1608
4044,1649
4045,1674
4046,1676
4047,1736
4048,1722
4049,1722
4050,1675
4051,1711
4052,1838
4053,1895
4054,1994
4055,2093
4056,2097
4057,1958
4058,1851
4059,1759
4060,1682
4061,1619
4062,1613
4063,1628
4064,1596
4065,1641
4066,1784
4067,1880
4068,1917
4069,1944
4070,1946
4071,2043
4072,2044
4073,2018
4074,1974
4075,1951
4076,2000
4077,2009
4078,2072
4079,2182
4080,2161
4081,2001
4082,1864
4083,1756
4084,1656
4085,1597
4086,1582
4087,1568
4088,1542
4089,1603
4090,1792
4091,1893
4092,1927
4093,1923
4094,1915
4095,2018
4096,2039
4097,1950
4098,1974
4099,1965
4100,2031
4101,2032
4102,2072
4103,2164
4104,2115
4105,1968
4106,1832
4107,1723
4108,1657
4109,1596
4110,1590
4111,1581
4112,1564
4113,1634
4114,1798
4115,1905
4116,1920
4117,1941
4118,1907
4119,1998
4120,2046
4121,2025
4122,1984
4123,1976
4124,2014
4125,2001
4126,2059
4127,2163
4128,2140
4129,1992
4130,1861
4131,1756
4132,1669
4133,1609
4134,1594
4135,1604
4136,1572
4137,1637
4138,1784
4139,1904
4140,1944
4141,1955
4142,1933
4143,2013
4144,2064
4145,2051
4146,1981
4147,1968
4148,2029
4149,2039
4150,2090
4151,2204
4152,2182
4153,2027
4154,1904
4155,1765
4156,1699
4157,1645
4158,1627
4159,1586
4160,1574
4161,1607
4162,1749
4163,1882
4164,1927
4165,1934
4166,1906
4167,1963
4168,1938
4169,1876
4170,1807
4171,1829
4172,1864
4173,1846
4174,1874
4175,1885
4176,1790
4177,1742
4178,1561
4179,1493
4180,1403
4181,1415
4182,1431
4183,1447
4184,1420
4185,1453
4186,1579
4187,1665
4188,1683
4189,1709
4190,1604
4191,1619
4192,1633
4193,1645
4194,1647
4195,1702
4196,1715
4197,1662
4198,1625
4199,1639
4200,1620
4201,1536
4202,1466
4203,1394
4204,1351
4205,1316
4206,1332
4207,1312
4208,1326
4209,1330
4210,1386
4211,1456
4212,1494
4213,1500
4214,1477
4215,1459
4216,1465
4217,1447
4218,1465
4219,1561
4220,1524
4221,1518
4222,1554
4223,1566
4224,1495
4225,1384
4226,1322
4227,1258
4228,1220
4229,1204
4230,1267
4231,1393
4232,1382
4233,1421
4234,1536
4235,1612
4236,1657
4237,1642
4238,1566
4239,1619
4240,1617
4241,1609
4242,1621
4243,1672
4244,1637
4245,1546
4246,1460
4247,1418
4248,1335
4249,1238
4250,1174
4251,1127
4252,1092
4253,1090
4254,1165
4255,1297
4256,1319
4257,1365
4258,1464
4259,1540
4260,1521
4261,1467
4262,1413
4263,1455
4264,1470
4265,1485
4266,1520
4267,1582
4268,1567
4269,1484
4270,1411
4271,1362
4272,1278
4273,1186
4274,1125
4275,1078
4276,1051
4277,1056
4278,1147
4279,1302
4280,1309
4281,1374
4282,1524
4283,1616
4284,1616
4285,1590
4286,1552
4287,1595
4288,1601
4289,1623
4290,1633
4291,1677
4292,1676
4293,1616
4294,1566
4295,1538
4296,1458
4297,1347
4298,1279
4299,1215
4300,1177
4301,1176
4302,1250
4303,1374
4304,1382
4305,1431
4306,1588
4307,1697
4308,1696
4309,1664
4310,1616
4311,1676
4312,1687
4313,1684
4314,1712
4315,1773
4316,1753
4317,1700
4318,1669
4319,1672
4320,1605
4321,1483
4322,1395
4323,1331
4324,1285
4325,1266
4326,1336
4327,1445
4328,1440
4329,1510
4330,1657
4331,1761
4332,1766
4333,1746
4334,1680
4335,1737
4336,1757
4337,1748
4338,1742
4339,1791
4340,1798
4341,1749
4342,1728
4343,1752
4344,1711
4345,1594
4346,1505
4347,1422
4348,1369
4349,1342
4350,1366
4351,1399
4352,1391
4353,1441
4354,1588
4355,1696
4356,1709
4357,1704
4358,1648
4359,1706
4360,1739
4361,1739
4362,1728
4363,1803
4364,1822
4365,1785
4366,1767
4367,1808
4368,1773
4369,1662
4370,1570
4371,1492
4372,1436
4373,1399
4374,1400
4375,1370
4376,1367
4377,1383
4378,1434
4379,1497
4380,1530
4381,1538
4382,1499
4383,1514
4384,1511
4385,1489
4386,1477
4387,1590
4388,1620
4389,1637
4390,1681
4391,1722
4392,1696
4393,1577
4394,1480
4395,1404
4396,1353
4397,1325
4398,1366
4399,1450
4400,1422
4401,1476
4402,1636
4403,1723
4404,1749
4405,1752
4406,1707
4407,1768
4408,1799
4409,1795
4410,1779
4411,1816
4412,1820
4413,1768
4414,1767
4415,1801
4416,1783
4417,1656
4418,1559
4419,1483
4420,1425
4421,1376
4422,1378
4423,1367
4424,1340
4425,1339
4426,1367
4427,1429
4428,1448
4429,1462
4430,1445
4431,1484
4432,1490
4433,1487
4434,1484
4435,1597
4436,1649
4437,1666
4438,1697
4439,1739
4440,1698
4441,1582
4442,1485
4443,1416
4444,1352
4445,1331
4446,1375
4447,1452
4448,1417
4449,1475
4450,1635
4451,1737
4452,1737
4453,1734
4454,1697
4455,1780
4456,1819
4457,1817
4458,1801
4459,1856
4460,1853
4461,1812
4462,1826
4463,1886
4464,1839
4465,1712
4466,1605
4467,1512
4468,1449
4469,1417
4470,1463
4471,1521
4472,1468
4473,1507
4474,1659
4475,1763
4476,1775
4477,1776
4478,1729
4479,1815
4480,1840
4481,1837
4482,1800
4483,1827
4484,1829
4485,1791
4486,1786
4487,1838
4488,1799
4489,1674
4490,1569
4491,1490
4492,1434
4493,1389
4494,1435
4495,1501
4496,1481
4497,1527
4498,1679
4499,1783
4500,1786
4501,1795
4502,1719
4503,1797
4504,1833
4505,1834
4506,1809
4507,1848
4508,1832
4509,1775
4510,1746
4511,1797
4512,1771
4513,1659
4514,1557
4515,1479
4516,1408
4517,1372
4518,1400
4519,1429
4520,1406
4521,1447
4522,1583
4523,1675
4524,1680
4525,1676
4526,1617
4527,1674
4528,1679
4529,1676
4530,1666
4531,1744
4532,1721
4533,1680
4534,1659
4535,1693
4536,1663
4537,1565
4538,1473
4539,1397
4540,1348
4541,1314
4542,1321
4543,1302
4544,1298
4545,1298
4546,1368
4547,1431
4548,1467
4549,1469
4550,1438
4551,1457
4552,1447
4553,1443
4554,1460
4555,1569
4556,1584
4557,1584
4558,1601
4559,1648
4560,1610
4561,1503
4562,1412
4563,1346
4564,1293
4565,1268
4566,1326
4567,1429
4568,1383
4569,1412
4570,1568
4571,1676
4572,1672
4573,1680
4574,1625
4575,1693
4576,1713
4577,1702
4578,1721
4579,1795
4580,1746
4581,1701
4582,1677
4583,1702
4584,1660
4585,1533
4586,1442
4587,1360
4588,1309
4589,1296
4590,1359
4591,1439
4592,1400
4593,1427
4594,1570
4595,1662
4596,1678
4597,1660
4598,1607
4599,1699
4600,1726
4601,1725
4602,1733
4603,1794
4604,1749
4605,1698
4606,1693
4607,1726
4608,1683
4609,1575
4610,1476
4611,1398
4612,1341
4613,1326
4614,1394
4615,1472
4616,1432
4617,1473
4618,1608
4619,1682
4620,1699
4621,1698
4622,1635
4623,1728
4624,1756
4625,1742
4626,1760
4627,1816
4628,1786
4629,1743
4630,1730
4631,1752
4632,1697
4633,1574
4634,1479
4635,1401
4636,1345
4637,1327
4638,1392
4639,1485
4640,1422
4641,1467
4642,1613
4643,1658
4644,1694
4645,1684
4646,1535
4647,1555
4648,1562
4649,1546
4650,1571
4651,1635
4652,1577
4653,1490
4654,1412
4655,1377
4656,1315
4657,1232
4658,1162
4659,1108
4660,1077
4661,1071
4662,1173
4663,1318
4664,1294
4665,1316
4666,1446
4667,1490
4668,1468
4669,1500
4670,1455
4671,1507
4672,1503
4673,1518
4674,1546
4675,1614
4676,1559
4677,1463
4678,1386
4679,1340
4680,1263
4681,1177
4682,1117
4683,1065
4684,1036
4685,1036
4686,1098
4687,1174
4688,1228
4689,1273
4690,1384
4691,1444
4692,1443
4693,1420
4694,1339
4695,1367
4696,1380
4697,1388
4698,1444
4699,1545
4700,1496
4701,1421
4702,1332
4703,1271
4704,1203
4705,1129
4706,1065
4707,1019
4708,993
4709,989
4710,1041
4711,1084
4712,1123
4713,1154
4714,1215
4715,1269
4716,1276
4717,1261
4718,1204
4719,1186
4720,1194
4721,1191
4722,1234
4723,1349
4724,1333
4725,1296
4726,1250
4727,1205
4728,1131
4729,1059
4730,1000
4731,961
4732,940
4733,954
4734,1075
4735,1244
4736,1231
4737,1266
4738,1386
4739,1455
4740,1459
4741,1425
4742,1362
4743,1401
4744,1418
4745,1434
4746,1489
4747,1567
4748,1506
4749,1423
4750,1341
4751,1275
4752,1193
4753,1104
4754,1045
4755,1006
4756,987
4757,996
4758,1115
4759,1283
4760,1278
4761,1319
4762,1428
4763,1493
4764,1460
4765,1440
4766,1382
4767,1449
4768,1437
4769,1465
4770,1518
4771,1589
4772,1529
4773,1456
4774,1383
4775,1322
4776,1242
4777,1155
4778,1098
4779,1053
4780,1039
4781,1070
4782,1177
4783,1299
4784,1329
4785,1353
4786,1446
4787,1500
4788,1515
4789,1487
4790,1406
4791,1432
4792,1450
4793,1467
4794,1494
4795,1568
4796,1521
4797,1442
4798,1360
4799,1295
4800,1224
4801,1148
4802,1087
4803,1045
4804,1021
4805,1047
4806,1149
4807,1232
4808,1281
4809,1319
4810,1436
4811,1515
4812,1528
4813,1510
4814,1419
4815,1471
4816,1476
4817,1477
4818,1523
4819,1590
4820,1528
4821,1436
4822,1355
4823,1293
4824,1228
4825,1148
4826,1089
4827,1044
4828,1011
4829,1007
4830,1067
4831,1109
4832,1161
4833,1199
4834,1274
4835,1341
4836,1359
4837,1334
4838,1263
4839,1255
4840,1228
4841,1196
4842,1215
4843,1276
4844,1244
4845,1242
4846,1252
4847,1210
4848,1140
4849,1063
4850,1010
4851,976
4852,954
4853,962
4854,1027
4855,1101
4856,1154
4857,1216
4858,1360
4859,1453
4860,1441
4861,1425
4862,1349
4863,1365
4864,1345
4865,1360
4866,1424
4867,1511
4868,1448
4869,1370
4870,1275
4871,1207
4872,1135
4873,1057
4874,1008
4875,971
4876,949
4877,950
4878,1006
4879,1046
4880,1105
4881,1144
4882,1215
4883,1266
4884,1285
4885,1255
4886,1209
4887,1190
4888,1179
4889,1182
4890,1242
4891,1345
4892,1307
4893,1267
4894,1215
4895,1135
4896,1046
4897,968
4898,921
4899,892
4900,874
4901,892
4902,1020
4903,1236
4904,1203
4905,1229
4906,1323
4907,1385
4908,1369
4909,1353
4910,1276
4911,1308
4912,1314
4913,1331
4914,1399
4915,1480
4916,1406
4917,1316
4918,1223
4919,1134
4920,1040
4921,953
4922,904
4923,874
4924,860
4925,880
4926,1031
4927,1253
4928,1224
4929,1236
4930,1333
4931,1375
4932,1357
4933,1358
4934,1264
4935,1307
4936,1307
4937,1337
4938,1404
4939,1467
4940,1390
4941,1310
4942,1213
4943,1126
4944,1027
4945,946
4946,901
4947,867
4948,851
4949,876
4950,983
4951,1109
4952,1202
4953,1277
4954,1388
4955,1448
4956,1484
4957,1410
4958,1327
4959,1361
4960,1353
4961,1368
4962,1431
4963,1482
4964,1410
4965,1325
4966,1223
4967,1141
4968,1032
4969,957
4970,909
4971,875
4972,865
4973,894
4974,1038
4975,1245
4976,1218
4977,1235
4978,1337
4979,1382
4980,1369
4981,1342
4982,1262
4983,1306
4984,1309
4985,1334
4986,1407
4987,1476
4988,1404
4989,1320
4990,1226
4991,1131
4992,1027
4993,939
4994,891
4995,863
4996,851
4997,880
4998,1027
4999,1248
5000,1234
5001,1266
5002,1357
5003,1369
5004,1388
5005,1353
5006,1271
5007,1280
5008,1287
5009,1311
5010,1386
5011,1450
5012,1360
5013,1293
5014,1184
5015,1095
5016,998
5017,910
5018,862
5019,835
5020,837
5021,905
5022,959
5023,1051
5024,1124
5025,1190
5026,1312
5027,1380
5028,1378
5029,1341
5030,1244
5031,1267
5032,1241
5033,1260
5034,1328
5035,1399
5036,1321
5037,1230
5038,1157
5039,1069
5040,974
5041,891
5042,847
5043,821
5044,814
5045,836
5046,909
5047,985
5048,1061
5049,1121
5050,1194
5051,1257
5052,1260
5053,1217
5054,1139
5055,1105
5056,1085
5057,1113
5058,1193
5059,1279
5060,1246
5061,1201
5062,1127
5063,1039
5064,939
5065,862
5066,822
5067,798
5068,791
5069,828
5070,991
5071,1236
5072,1218
5073,1235
5074,1309
5075,1344
5076,1298
5077,1291
5078,1228
5079,1264
5080,1260
5081,1293
5082,1387
5083,1443
5084,1375
5085,1282
5086,1178
5087,1080
5088,981
5089,891
5090,850
5091,821
5092,814
5093,852
5094,1016
5095,1263
5096,1243
5097,1249
5098,1319
5099,1356
5100,1346
5101,1317
5102,1251
5103,1275
5104,1262
5105,1275
5106,1375
5107,1438
5108,1363
5109,1288
5110,1188
5111,1078
5112,970
5113,883
5114,844
5115,816
5116,816
5117,853
5118,1018
5119,1254
5120,1251
5121,1287
5122,1354
5123,1405
5124,1377
5125,1329
5126,1246
5127,1278
5128,1276
5129,1301
5130,1401
5131,1444
5132,1381
5133,1294
5134,1199
5135,1077
5136,967
5137,879
5138,825
5139,806
5140,800
5141,836
5142,997
5143,1238
5144,1238
5145,1258
5146,1332
5147,1342
5148,1344
5149,1315
5150,1232
5151,1270
5152,1255
5153,1275
5154,1375
5155,1442
5156,1370
5157,1287
5158,1161
5159,1064
5160,957
5161,878
5162,830
5163,807
5164,797
5165,842
5166,1005
5167,1253
5168,1258
5169,1289
5170,1360
5171,1386
5172,1368
5173,1341
5174,1261
5175,1284
5176,1277
5177,1291
5178,1399
5179,1442
5180,1379
5181,1296
5182,1203
5183,1084
5184,979
5185,900
5186,846
5187,820
5188,811
5189,846
5190,977
5191,1151
5192,1194
5193,1234
5194,1324
5195,1352
5196,1346
5197,1328
5198,1236
5199,1262
5200,1244
5201,1267
5202,1390
5203,1421
5204,1364
5205,1289
5206,1184
5207,1084
5208,976
5209,884
5210,827
5211,796
5212,788
5213,819
5214,898
5215,984
5216,1090
5217,1157
5218,1213
5219,1251
5220,1251
5221,1220
5222,1152
5223,1122
5224,1098
5225,1113
5226,1203
5227,1274
5228,1231
5229,1185
5230,1114
5231,1014
5232,900
5233,808
5234,760
5235,734
5236,731
5237,777
5238,946
5239,1174
5240,1216
5241,1251
5242,1319
5243,1332
5244,1293
5245,1268
5246,1193
5247,1211
5248,1200
5249,1207
5250,1310
5251,1380
5252,1315
5253,1233
5254,1145
5255,1033
5256,907
5257,800
5258,750
5259,723
5260,717
5261,754
5262,894
5263,1070
5264,1190
5265,1260
5266,1312
5267,1340
5268,1317
5269,1263
5270,1168
5271,1138
5272,1099
5273,1088
5274,1196
5275,1288
5276,1238
5277,1181
5278,1115
5279,999
5280,872
5281,770
5282,722
5283,698
5284,694
5285,742
5286,846
5287,950
5288,1058
5289,1123
5290,1163
5291,1178
5292,1150
5293,1096
5294,1015
5295,945
5296,900
5297,918
5298,1114
5299,1242
5300,1163
5301,1107
5302,1072
5303,988
5304,869
5305,775
5306,732
5307,707
5308,707
5309,747
5310,837
5311,917
5312,1030
5313,1094
5314,1137
5315,1156
5316,1130
5317,1069
5318,978
5319,927
5320,890
5321,913
5322,1059
5323,1151
5324,1120
5325,1070
5326,990
5327,879
5328,765
5329,682
5330,642
5331,629
5332,633
5333,681
5334,802
5335,948
5336,1127
5337,1235
5338,1309
5339,1301
5340,1228
5341,1156
5342,1037
5343,992
5344,970
5345,990
5346,1111
5347,1187
5348,1155
5349,1095
5350,1003
5351,878
5352,773
5353,693
5354,650
5355,631
5356,634
5357,677
5358,780
5359,908
5360,1033
5361,1147
5362,1237
5363,1263
5364,1224
5365,1157
5366,1072
5367,1046
5368,1026
5369,1053
5370,1182
5371,1235
5372,1181
5373,1107
5374,1006
5375,885
5376,775
5377,682
5378,644
5379,623
5380,624
5381,667
5382,762
5383,866
5384,1014
5385,1106
5386,1171
5387,1221
5388,1209
5389,1150
5390,1050
5391,991
5392,948
5393,953
5394,1082
5395,1152
5396,1121
5397,1070
5398,990
5399,866
5400,747
5401,663
5402,630
5403,611
5404,619
5405,683
5406,882
5407,1183
5408,1219
5409,1250
5410,1280
5411,1282
5412,1225
5413,1172
5414,1079
5415,1105
5416,1098
5417,1123
5418,1249
5419,1283
5420,1224
5421,1136
5422,1039
5423,916
5424,796
5425,708
5426,663
5427,645
5428,649
5429,699
5430,835
5431,1026
5432,1204
5433,1287
5434,1349
5435,1372
5436,1327
5437,1244
5438,1153
5439,1143
5440,1109
5441,1097
5442,1218
5443,1257
5444,1207
5445,1138
5446,1038
5447,911
5448,758
5449,691
5450,657
5451,635
5452,647
5453,697
5454,879
5455,1177
5456,1221
5457,1257
5458,1297
5459,1274
5460,1245
5461,1200
5462,1113
5463,1121
5464,1115
5465,1137
5466,1260
5467,1283
5468,1243
5469,1152
5470,1047
5471,927
5472,798
5473,709
5474,666
5475,650
5476,652
5477,707
5478,887
5479,1194
5480,1242
5481,1257
5482,1286
5483,1274
5484,1233
5485,1148
5486,1091
5487,1080
5488,1094
5489,1117
5490,1255
5491,1293
5492,1235
5493,1145
5494,1040
5495,919
5496,792
5497,700
5498,660
5499,638
5500,638
5501,696
5502,901
5503,1223
5504,1284
5505,1294
5506,1315
5507,1302
5508,1262
5509,1197
5510,1103
5511,1103
5512,1068
5513,1081
5514,1232
5515,1273
5516,1221
5517,1131
5518,1014
5519,898
5520,776
5521,687
5522,643
5523,617
5524,620
5525,679
5526,850
5527,1084
5528,1183
5529,1240
5530,1295
5531,1300
5532,1237
5533,1175
5534,1083
5535,1084
5536,1059
5537,1080
5538,1220
5539,1263
5540,1208
5541,1124
5542,1012
5543,895
5544,776
5545,685
5546,640
5547,615
5548,615
5549,660
5550,773
5551,892
5552,1067
5553,1174
5554,1252
5555,1290
5556,1270
5557,1210
5558,1097
5559,1027
5560,970
5561,987
5562,1110
5563,1155
5564,1120
5565,1060
5566,985
5567,865
5568,751
5569,662
5570,624
5571,601
5572,607
5573,670
5574,877
5575,1192
5576,1247
5577,1276
5578,1290
5579,1306
5580,1251
5581,1177
5582,1090
5583,1096
5584,1086
5585,1117
5586,1258
5587,1289
5588,1223
5589,1130
5590,1015
5591,897
5592,785
5593,697
5594,651
5595,630
5596,631
5597,691
5598,888
5599,1202
5600,1254
5601,1274
5602,1279
5603,1287
5604,1234
5605,1210
5606,1084
5607,1104
5608,1083
5609,1111
5610,1233
5611,1278
5612,1215
5613,1123
5614,1018
5615,892
5616,771
5617,686
5618,644
5619,621
5620,625
5621,684
5622,815
5623,996
5624,1200
5625,1296
5626,1363
5627,1402
5628,1343
5629,1260
5630,1133
5631,1112
5632,1078
5633,1087
5634,1220
5635,1258
5636,1204
5637,1123
5638,1017
5639,888
5640,763
5641,679
5642,638
5643,616
5644,620
5645,678
5646,882
5647,1191
5648,1246
5649,1246
5650,1291
5651,1276
5652,1223
5653,1151
5654,1063
5655,1079
5656,1064
5657,1096
5658,1238
5659,1267
5660,1212
5661,1124
5662,1021
5663,903
5664,771
5665,679
5666,629
5667,612
5668,617
5669,679
5670,807
5671,973
5672,1185
5673,1311
5674,1396
5675,1395
5676,1351
5677,1269
5678,1115
5679,1076
5680,1044
5681,1058
5682,1208
5683,1251
5684,1188
5685,1105
5686,1004
5687,885
5688,767
5689,675
5690,630
5691,611
5692,609
5693,647
5694,808
5695,1035
5696,1182
5697,1244
5698,1321
5699,1297
5700,1263
5701,1190
5702,1074
5703,1066
5704,1029
5705,1058
5706,1213
5707,1249
5708,1187
5709,1112
5710,1000
5711,881
5712,764
5713,668
5714,624
5715,600
5716,597
5717,639
5718,748
5719,886
5720,1077
5721,1189
5722,1286
5723,1325
5724,1285
5725,1208
5726,1092
5727,1017
5728,960
5729,969
5730,1091
5731,1135
5732,1096
5733,1049
5734,962
5735,840
5736,716
5737,630
5738,590
5739,570
5740,575
5741,634
5742,864
5743,1209
5744,1279
5745,1317
5746,1337
5747,1301
5748,1251
5749,1170
5750,1075
5751,1083
5752,1067
5753,1095
5754,1254
5755,1259
5756,1201
5757,1133
5758,1017
5759,878
5760,747
5761,653
5762,613
5763,594
5764,593
5765,650
5766,880
5767,1221
5768,1311
5769,1318
5770,1344
5771,1337
5772,1272
5773,1203
5774,1094
5775,1089
5776,1075
5777,1118
5778,1265
5779,1283
5780,1214
5781,1127
5782,1017
5783,881
5784,747
5785,659
5786,613
5787,598
5788,599
5789,658
5790,894
5791,1250
5792,1324
5793,1336
5794,1370
5795,1341
5796,1280
5797,1209
5798,1122
5799,1125
5800,1095
5801,1109
5802,1260
5803,1285
5804,1230
5805,1145
5806,1020
5807,889
5808,757
5809,659
5810,618
5811,597
5812,599
5813,659
5814,883
5815,1235
5816,1302
5817,1320
5818,1331
5819,1324
5820,1264
5821,1178
5822,1090
5823,1095
5824,1075
5825,1098
5826,1266
5827,1285
5828,1217
5829,1139
5830,1020
5831,880
5832,749
5833,660
5834,618
5835,600
5836,600
5837,659
5838,885
5839,1218
5840,1331
5841,1369
5842,1390
5843,1377
5844,1322
5845,1258
5846,1125
5847,1111
5848,1096
5849,1114
5850,1266
5851,1279
5852,1225
5853,1137
5854,1015
5855,881
5856,757
5857,655
5858,612
5859,593
5860,591
5861,645
5862,832
5863,1099
5864,1242
5865,1310
5866,1357
5867,1356
5868,1291
5869,1226
5870,1087
5871,1096
5872,1068
5873,1083
5874,1231
5875,1260
5876,1198
5877,1112
5878,997
5879,882
5880,754
5881,659
5882,610
5883,583
5884,579
5885,621
5886,738
5887,889
5888,1099
5889,1234
5890,1322
5891,1354
5892,1329
5893,1229
5894,1096
5895,1007
5896,957
5897,959
5898,1095
5899,1139
5900,1103
5901,1042
5902,953
5903,831
5904,700
5905,611
5906,567
5907,551
5908,553
5909,612
5910,855
5911,1223
5912,1319
5913,1333
5914,1344
5915,1329
5916,1270
5917,1183
5918,1083
5919,1091
5920,1076
5921,1097
5922,1246
5923,1270
5924,1215
5925,1126
5926,1009
5927,866
5928,727
5929,638
5930,597
5931,578
5932,574
5933,637
5934,884
5935,1252
5936,1344
5937,1362
5938,1360
5939,1369
5940,1302
5941,1213
5942,1090
5943,1107
5944,1086
5945,1103
5946,1265
5947,1285
5948,1228
5949,1132
5950,1014
5951,873
5952,730
5953,632
5954,591
5955,570
5956,574
5957,637
5958,884
5959,1272
5960,1377
5961,1404
5962,1412
5963,1391
5964,1309
5965,1235
5966,1116
5967,1118
5968,1069
5969,1114
5970,1261
5971,1282
5972,1231
5973,1137
5974,1028
5975,886
5976,740
5977,641
5978,594
5979,575
5980,574
5981,636
5982,883
5983,1258
5984,1347
5985,1361
5986,1365
5987,1346
5988,1283
5989,1206
5990,1090
5991,1092
5992,1072
5993,1103
5994,1253
5995,1283
5996,1239
5997,1142
5998,1025
5999,882
6000,738
6001,640
6002,598
6003,576
6004,582
6005,647
6006,902
6007,1289
6008,1406
6009,1424
6010,1428
6011,1388
6012,1336
6013,1257
6014,1125
6015,1101
6016,1074
6017,1100
6018,1252
6019,1293
6020,1233
6021,1133
6022,1031
6023,890
6024,745
6025,646
6026,595
6027,573
6028,572
6029,630
6030,789
6031,1016
6032,1255
6033,1376
6034,1438
6035,1459
6036,1378
6037,1286
6038,1142
6039,1100
6040,1060
6041,1084
6042,1230
6043,1277
6044,1227
6045,1139
6046,1027
6047,900
6048,762
6049,658
6050,605
6051,578
6052,572
6053,615
6054,743
6055,921
6056,1138
6057,1289
6058,1366
6059,1423
6060,1375
6061,1295
6062,1147
6063,1054
6064,982
6065,988
6066,1121
6067,1163
6068,1127
6069,1076
6070,977
6071,848
6072,708
6073,611
6074,566
6075,546
6076,551
6077,611
6078,859
6079,1266
6080,1370
6081,1399
6082,1416
6083,1407
6084,1323
6085,1235
6086,1116
6087,1119
6088,1081
6089,1129
6090,1277
6091,1298
6092,1236
6093,1152
6094,1045
6095,905
6096,748
6097,648
6098,598
6099,575
6100,573
6101,633
6102,868
6103,1261
6104,1374
6105,1409
6106,1424
6107,1429
6108,1355
6109,1257
6110,1141
6111,1133
6112,1088
6113,1133
6114,1280
6115,1310
6116,1248
6117,1167
6118,1054
6119,912
6120,753
6121,653
6122,601
6123,578
6124,580
6125,623
6126,859
6127,1253
6128,1377
6129,1438
6130,1463
6131,1447
6132,1373
6133,1272
6134,1173
6135,1153
6136,1122
6137,1135
6138,1290
6139,1320
6140,1263
6141,1174
6142,1055
6143,909
6144,764
6145,667
6146,612
6147,582
6148,582
6149,637
6150,859
6151,1246
6152,1370
6153,1407
6154,1426
6155,1419
6156,1331
6157,1239
6158,1121
6159,1112
6160,1092
6161,1117
6162,1264
6163,1312
6164,1263
6165,1175
6166,1059
6167,919
6168,766
6169,661
6170,603
6171,576
6172,578
6173,636
6174,869
6175,1280
6176,1405
6177,1470
6178,1438
6179,1503
6180,1403
6181,1313
6182,1162
6183,1120
6184,1104
6185,1137
6186,1289
6187,1329
6188,1269
6189,1187
6190,1075
6191,931
6192,769
6193,658
6194,604
6195,577
6196,577
6197,632
6198,822
6199,1132
6200,1338
6201,1432
6202,1486
6203,1467
6204,1397
6205,1289
6206,1165
6207,1135
6208,1080
6209,1104
6210,1259
6211,1321
6212,1261
6213,1177
6214,1062
6215,928
6216,781
6217,664
6218,607
6219,576
6220,577
6221,620
6222,743
6223,928
6224,1170
6225,1356
6226,1466
6227,1480
6228,1451
6229,1352
6230,1194
6231,1075
6232,997
6233,988
6234,1131
6235,1189
6236,1172
6237,1123
6238,1037
6239,890
6240,737
6241,624
6242,574
6243,548
6244,551
6245,619
6246,870
6247,1310
6248,1455
6249,1484
6250,1514
6251,1487
6252,1411
6253,1307
6254,1159
6255,1136
6256,1105
6257,1139
6258,1286
6259,1344
6260,1301
6261,1238
6262,1123
6263,951
6264,774
6265,652
6266,602
6267,576
6268,579
6269,640
6270,890
6271,1333
6272,1485
6273,1527
6274,1538
6275,1511
6276,1417
6277,1315
6278,1175
6279,1156
6280,1136
6281,1151
6282,1306
6283,1375
6284,1328
6285,1248
6286,1137
6287,959
6288,773
6289,655
6290,602
6291,578
6292,586
6293,651
6294,910
6295,1360
6296,1469
6297,1554
6298,1576
6299,1551
6300,1441
6301,1342
6302,1202
6303,1177
6304,1148
6305,1163
6306,1319
6307,1360
6308,1335
6309,1264
6310,1159
6311,971
6312,788
6313,668
6314,606
6315,585
6316,590
6317,655
6318,904
6319,1336
6320,1492
6321,1540
6322,1560
6323,1517
6324,1402
6325,1311
6326,1173
6327,1161
6328,1136
6329,1148
6330,1320
6331,1395
6332,1359
6333,1281
6334,1165
6335,984
6336,795
6337,678
6338,617
6339,593
6340,594
6341,658
6342,912
6343,1380
6344,1550
6345,1616
6346,1641
6347,1594
6348,1510
6349,1398
6350,1238
6351,1206
6352,1167
6353,1193
6354,1334
6355,1402
6356,1367
6357,1284
6358,1177
6359,1002
6360,816
6361,691
6362,629
6363,600
6364,598
6365,658
6366,847
6367,1173
6368,1403
6369,1525
6370,1591
6371,1594
6372,1486
6373,1402
6374,1236
6375,1199
6376,1151
6377,1180
6378,1327
6379,1383
6380,1343
6381,1282
6382,1156
6383,1004
6384,827
6385,702
6386,633
6387,601
6388,597
6389,644
6390,770
6391,980
6392,1232
6393,1429
6394,1567
6395,1609
6396,1568
6397,1447
6398,1271
6399,1146
6400,1064
6401,1059
6402,1199
6403,1273
6404,1252
6405,1212
6406,1119
6407,972
6408,803
6409,664
6410,604
6411,574
6412,579
6413,641
6414,860
6415,1259
6416,1474
6417,1576
6418,1618
6419,1611
6420,1542
6421,1402
6422,1251
6423,1233
6424,1196
6425,1204
6426,1358
6427,1403
6428,1359
6429,1290
6430,1176
6431,1018
6432,836
6433,705
6434,641
6435,608
6436,589
6437,653
6438,787
6439,1016
6440,1286
6441,1491
6442,1626
6443,1682
6444,1638
6445,1495
6446,1297
6447,1191
6448,1134
6449,1151
6450,1300
6451,1378
6452,1345
6453,1280
6454,1174
6455,1006
6456,826
6457,696
6458,630
6459,602
6460,602
6461,666
6462,887
6463,1309
6464,1546
6465,1609
6466,1681
6467,1626
6468,1537
6469,1410
6470,1264
6471,1221
6472,1174
6473,1204
6474,1361
6475,1429
6476,1410
6477,1348
6478,1245
6479,1053
6480,847
6481,706
6482,640
6483,614
6484,613
6485,671
6486,889
6487,1302
6488,1523
6489,1605
6490,1651
6491,1627
6492,1511
6493,1421
6494,1257
6495,1238
6496,1228
6497,1249
6498,1381
6499,1455
6500,1433
6501,1355
6502,1251
6503,1060
6504,856
6505,712
6506,648
6507,616
6508,618
6509,679
6510,888
6511,1300
6512,1580
6513,1709
6514,1774
6515,1767
6516,1686
6517,1568
6518,1356
6519,1307
6520,1259
6521,1272
6522,1406
6523,1476
6524,1445
6525,1368
6526,1257
6527,1083
6528,877
6529,733
6530,661
6531,628
6532,626
6533,674
6534,843
6535,1157
6536,1470
6537,1640
6538,1732
6539,1728
6540,1619
6541,1478
6542,1303
6543,1235
6544,1199
6545,1223
6546,1368
6547,1453
6548,1421
6549,1343
6550,1245
6551,1086
6552,894
6553,743
6554,669
6555,631
6556,624
6557,665
6558,794
6559,1000
6560,1281
6561,1502
6562,1626
6563,1669
6564,1619
6565,1491
6566,1294
6567,1173
6568,1079
6569,1075
6570,1224
6571,1316
6572,1292
6573,1258
6574,1180
6575,1032
6576,858
6577,701
6578,629
6579,594
6580,594
6581,642
6582,809
6583,1119
6584,1461
6585,1655
6586,1750
6587,1755
6588,1654
6589,1513
6590,1340
6591,1289
6592,1237
6593,1252
6594,1384
6595,1448
6596,1404
6597,1330
6598,1224
6599,1074
6600,918
6601,776
6602,691
6603,653
6604,641
6605,686
6606,839
6607,1123
6608,1439
6609,1636
6610,1762
6611,1785
6612,1695
6613,1527
6614,1335
6615,1239
6616,1164
6617,1155
6618,1274
6619,1344
6620,1307
6621,1253
6622,1195
6623,1025
6624,839
6625,700
6626,633
6627,608
6628,604
6629,659
6630,822
6631,1138
6632,1462
6633,1631
6634,1721
6635,1705
6636,1601
6637,1456
6638,1290
6639,1238
6640,1180
6641,1220
6642,1356
6643,1426
6644,1381
6645,1319
6646,1225
6647,1067
6648,861
6649,714
6650,644
6651,613
6652,614
6653,669
6654,844
6655,1162
6656,1505
6657,1653
6658,1719
6659,1709
6660,1580
6661,1437
6662,1286
6663,1244
6664,1202
6665,1224
6666,1360
6667,1446
6668,1405
6669,1355
6670,1252
6671,1069
6672,864
6673,712
6674,646
6675,619
6676,623
6677,673
6678,858
6679,1197
6680,1550
6681,1728
6682,1813
6683,1823
6684,1727
6685,1616
6686,1387
6687,1341
6688,1296
6689,1302
6690,1418
6691,1470
6692,1423
6693,1361
6694,1249
6695,1088
6696,884
6697,731
6698,656
6699,623
6700,623
6701,677
6702,845
6703,1135
6704,1450
6705,1629
6706,1732
6707,1710
6708,1599
6709,1477
6710,1288
6711,1235
6712,1191
6713,1209
6714,1350
6715,1426
6716,1393
6717,1324
6718,1228
6719,1089
6720,895
6721,739
6722,659
6723,622
6724,616
6725,657
6726,760
6727,971
6728,1111
6729,1378
6730,1555
6731,1620
6732,1616
6733,1496
6734,1328
6735,1219
6736,1127
6737,1111
6738,1231
6739,1314
6740,1299
6741,1258
6742,1185
6743,1031
6744,842
6745,694
6746,624
6747,594
6748,577
6749,652
6750,859
6751,1191
6752,1547
6753,1697
6754,1755
6755,1755
6756,1642
6757,1510
6758,1333
6759,1274
6760,1235
6761,1237
6762,1366
6763,1454
6764,1430
6765,1353
6766,1264
6767,1091
6768,877
6769,727
6770,652
6771,625
6772,625
6773,688
6774,884
6775,1251
6776,1554
6777,1690
6778,1740
6779,1713
6780,1591
6781,1452
6782,1283
6783,1240
6784,1194
6785,1217
6786,1348
6787,1443
6788,1413
6789,1364
6790,1262
6791,1086
6792,874
6793,723
6794,649
6795,621
6796,621
6797,678
6798,879
6799,1265
6800,1562
6801,1715
6802,1709
6803,1727
6804,1597
6805,1458
6806,1269
6807,1240
6808,1195
6809,1214
6810,1350
6811,1454
6812,1428
6813,1381
6814,1281
6815,1103
6816,883
6817,729
6818,660
6819,629
6820,630
6821,691
6822,903
6823,1301
6824,1583
6825,1700
6826,1734
6827,1698
6828,1529
6829,1395
6830,1259
6831,1231
6832,1203
6833,1224
6834,1356
6835,1441
6836,1427
6837,1364
6838,1269
6839,1096
6840,881
6841,730
6842,654
6843,625
6844,629
6845,690
6846,905
6847,1318
6848,1603
6849,1743
6850,1796
6851,1769
6852,1644
6853,1512
6854,1328
6855,1274
6856,1225
6857,1241
6858,1369
6859,1452
6860,1407
6861,1351
6862,1249
6863,1084
6864,882
6865,736
6866,660
6867,628
6868,622
6869,676
6870,834
6871,1118
6872,1413
6873,1604
6874,1729
6875,1696
6876,1610
6877,1473
6878,1309
6879,1245
6880,1186
6881,1195
6882,1317
6883,1394
6884,1367
6885,1312
6886,1210
6887,1073
6888,887
6889,739
6890,657
6891,624
6892,618
6893,663
6894,796
6895,1007
6896,1264
6897,1491
6898,1599
6899,1652
6900,1578
6901,1464
6902,1289
6903,1173
6904,1092
6905,1085
6906,1206
6907,1293
6908,1256
6909,1201
6910,1133
6911,1000
6912,829
6913,689
6914,615
6915,586
6916,589
6917,660
6918,914
6919,1345
6920,1608
6921,1718
6922,1737
6923,1713
6924,1573
6925,1428
6926,1260
6927,1210
6928,1171
6929,1192
6930,1316
6931,1426
6932,1399
6933,1349
6934,1255
6935,1083
6936,870
6937,716
6938,642
6939,610
6940,616
6941,682
6942,937
6943,1419
6944,1637
6945,1733
6946,1765
6947,1746
6948,1622
6949,1468
6950,1315
6951,1306
6952,1277
6953,1287
6954,1392
6955,1494
6956,1464
6957,1402
6958,1290
6959,1105
6960,881
6961,729
6962,659
6963,628
6964,626
6965,694
6966,966
6967,1457
6968,1644
6969,1712
6970,1757
6971,1711
6972,1604
6973,1478
6974,1320
6975,1292
6976,1255
6977,1253
6978,1378
6979,1483
6980,1457
6981,1393
6982,1296
6983,1117
6984,892
6985,738
6986,666
6987,632
6988,633
6989,700
6990,961
6991,1445
6992,1625
6993,1694
6994,1704
6995,1658
6996,1546
6997,1421
6998,1280
6999,1270
7000,1223
7001,1248
7002,1370
7003,1469
7004,1453
7005,1384
7006,1275
7007,1101
7008,889
7009,743
7010,670
7011,635
7012,635
7013,704
7014,972
7015,1475
7016,1676
7017,1738
7018,1773
7019,1740
7020,1640
7021,1489
7022,1316
7023,1273
7024,1239
7025,1254
7026,1363
7027,1471
7028,1448
7029,1379
7030,1276
7031,1103
7032,900
7033,745
7034,670
7035,634
7036,628
7037,686
7038,891
7039,1263
7040,1499
7041,1640
7042,1682
7043,1691
7044,1570
7045,1424
7046,1261
7047,1224
7048,1177
7049,1184
7050,1309
7051,1421
7052,1401
7053,1321
7054,1222
7055,1074
7056,881
7057,730
7058,657
7059,621
7060,615
7061,658
7062,788
7063,1006
7064,1291
7065,1473
7066,1644
7067,1656
7068,1592
7069,1470
7070,1272
7071,1150
7072,1058
7073,1029
7074,1139
7075,1252
7076,1247
7077,1195
7078,1109
7079,972
7080,789
7081,657
7082,597
7083,570
7084,577
7085,647
7086,910
7087,1393
7088,1555
7089,1579
7090,1615
7091,1592
7092,1462
7093,1389
7094,1271
7095,1274
7096,1229
7097,1223
7098,1290
7099,1406
7100,1382
7101,1316
7102,1181
7103,985
7104,816
7105,686
7106,602
7107,538
7108,561
7109,633
7110,874
7111,1324
7112,1494
7113,1438
7114,1498
7115,1576
7116,1551
7117,1443
7118,1328
7119,1293
7120,1237
7121,1234
7122,1327
7123,1412
7124,1380
7125,1311
7126,1193
7127,1026
7128,835
7129,699
7130,633
7131,604
7132,608
7133,672
7134,927
7135,1406
7136,1600
7137,1678
7138,1722
7139,1706
7140,1603
7141,1443
7142,1290
7143,1259
7144,1206
7145,1229
7146,1320
7147,1430
7148,1407
7149,1338
7150,1228
7151,1065
7152,859
7153,716
7154,646
7155,614
7156,612
7157,673
7158,928
7159,1397
7160,1570
7161,1611
7162,1637
7163,1610
7164,1504
7165,1371
7166,1218
7167,1242
7168,1221
7169,1231
7170,1333
7171,1429
7172,1385
7173,1326
7174,1224
7175,1062
7176,851
7177,700
7178,628
7179,609
7180,606
7181,674
7182,924
7183,1382
7184,1592
7185,1677
7186,1708
7187,1685
7188,1574
7189,1476
7190,1318
7191,1266
7192,1204
7193,1208
7194,1316
7195,1407
7196,1376
7197,1306
7198,1201
7199,1058
7200,875
7201,731
7202,658
7203,625
7204,619
7205,663
7206,782
7207,981
7208,1215
7209,1423
7210,1539
7211,1552
7212,1480
7213,1365
7214,1189
7215,1051
7216,953
7217,962
7218,1072
7219,1217
7220,1214
7221,1183
7222,1117
7223,988
7224,815
7225,678
7226,610
7227,580
7228,575
7229,620
7230,740
7231,943
7232,1225
7233,1460
7234,1604
7235,1673
7236,1630
7237,1528
7238,1372
7239,1183
7240,1106
7241,1105
7242,1205
7243,1338
7244,1330
7245,1284
7246,1214
7247,1059
7248,849
7249,705
7250,633
7251,604
7252,605
7253,667
7254,922
7255,1399
7256,1630
7257,1703
7258,1720
7259,1697
7260,1567
7261,1431
7262,1291
7263,1268
7264,1222
7265,1249
7266,1357
7267,1469
7268,1460
7269,1410
7270,1303
7271,1115
7272,882
7273,727
7274,659
7275,626
7276,626
7277,692
7278,953
7279,1450
7280,1683
7281,1745
7282,1763
7283,1720
7284,1572
7285,1437
7286,1283
7287,1253
7288,1210
7289,1229
7290,1339
7291,1484
7292,1473
7293,1405
7294,1293
7295,1104
7296,880
7297,731
7298,664
7299,634
7300,629
7301,693
7302,955
7303,1472
7304,1696
7305,1751
7306,1779
7307,1754
7308,1592
7309,1447
7310,1307
7311,1276
7312,1267
7313,1276
7314,1375
7315,1476
7316,1458
7317,1374
7318,1275
7319,1095
7320,879
7321,723
7322,655
7323,626
7324,621
7325,683
7326,934
7327,1397
7328,1605
7329,1662
7330,1692
7331,1679
7332,1544
7333,1425
7334,1268
7335,1220
7336,1218
7337,1248
7338,1331
7339,1440
7340,1426
7341,1361
7342,1258
7343,1069
7344,855
7345,709
7346,633
7347,614
7348,614
7349,677
7350,933
7351,1419
7352,1639
7353,1705
7354,1725
7355,1711
7356,1575
7357,1453
7358,1308
7359,1267
7360,1222
7361,1230
7362,1337
7363,1433
7364,1411
7365,1342
7366,1246
7367,1068
7368,864
7369,715
7370,650
7371,619
7372,618
7373,674
7374,871
7375,1238
7376,1496
7377,1639
7378,1716
7379,1739
7380,1637
7381,1497
7382,1334
7383,1287
7384,1214
7385,1215
7386,1327
7387,1435
7388,1418
7389,1347
7390,1242
7391,1096
7392,897
7393,743
7394,665
7395,628
7396,616
7397,664
7398,795
7399,1013
7400,1271
7401,1516
7402,1696
7403,1753
7404,1705
7405,1581
7406,1371
7407,1227
7408,1112
7409,1081
7410,1177
7411,1310
7412,1310
7413,1270
7414,1204
7415,1047
7416,841
7417,689
7418,623
7419,591
7420,593
7421,663
7422,936
7423,1432
7424,1646
7425,1699
7426,1715
7427,1671
7428,1537
7429,1399
7430,1245
7431,1211
7432,1160
7433,1175
7434,1284
7435,1410
7436,1400
7437,1334
7438,1246
7439,1065
7440,860
7441,706
7442,637
7443,608
7444,608
7445,673
7446,921
7447,1397
7448,1617
7449,1650
7450,1670
7451,1635
7452,1511
7453,1370
7454,1233
7455,1210
7456,1161
7457,1172
7458,1281
7459,1379
7460,1361
7461,1284
7462,1187
7463,1007
7464,817
7465,681
7466,622
7467,596
7468,599
7469,663
7470,917
7471,1338
7472,1570
7473,1640
7474,1646
7475,1619
7476,1495
7477,1380
7478,1234
7479,1210
7480,1152
7481,1165
7482,1253
7483,1358
7484,1338
7485,1263
7486,1135
7487,988
7488,810
7489,678
7490,619
7491,588
7492,591
7493,652
7494,897
7495,1339
7496,1506
7497,1562
7498,1607
7499,1593
7500,1498
7501,1409
7502,1275
7503,1246
7504,1219
7505,1176
7506,1280
7507,1301
7508,1297
7509,1254
7510,1158
7511,1006
7512,825
7513,687
7514,621
7515,589
7516,591
7517,655
7518,898
7519,1342
7520,1588
7521,1654
7522,1693
7523,1660
7524,1569
7525,1441
7526,1269
7527,1212
7528,1158
7529,1158
7530,1249
7531,1372
7532,1359
7533,1283
7534,1176
7535,1025
7536,850
7537,706
7538,640
7539,608
7540,600
7541,646
7542,806
7543,1075
7544,1380
7545,1548
7546,1652
7547,1657
7548,1542
7549,1412
7550,1245
7551,1181
7552,1115
7553,1124
7554,1216
7555,1351
7556,1336
7557,1255
7558,1153
7559,1021
7560,852
7561,716
7562,648
7563,612
7564,603
7565,646
7566,769
7567,978
7568,1269
7569,1494
7570,1616
7571,1633
7572,1547
7573,1407
7574,1275
7575,1155
7576,1051
7577,1033
7578,1121
7579,1255
7580,1234
7581,1180
7582,1102
7583,965
7584,795
7585,665
7586,603
7587,576
7588,576
7589,639
7590,882
7591,1327
7592,1522
7593,1563
7594,1621
7595,1599
7596,1489
7597,1300
7598,1189
7599,1172
7600,1137
7601,1153
7602,1254
7603,1359
7604,1341
7605,1275
7606,1170
7607,1007
7608,817
7609,679
7610,612
7611,587
7612,590
7613,655
7614,896
7615,1354
7616,1539
7617,1589
7618,1598
7619,1585
7620,1438
7621,1322
7622,1188
7623,1181
7624,1138
7625,1151
7626,1225
7627,1344
7628,1327
7629,1251
7630,1146
7631,985
7632,789
7633,664
7634,606
7635,584
7636,583
7637,649
7638,903
7639,1356
7640,1549
7641,1593
7642,1606
7643,1562
7644,1457
7645,1323
7646,1194
7647,1166
7648,1124
7649,1127
7650,1222
7651,1328
7652,1304
7653,1234
7654,1114
7655,969
7656,787
7657,660
7658,598
7659,576
7660,576
7661,639
7662,886
7663,1275
7664,1472
7665,1487
7666,1530
7667,1563
7668,1462
7669,1367
7670,1239
7671,1179
7672,1140
7673,1148
7674,1217
7675,1315
7676,1304
7677,1234
7678,1119
7679,969
7680,794
7681,665
7682,607
7683,582
7684,581
7685,604
7686,891
7687,1331
7688,1541
7689,1605
7690,1635
7691,1610
7692,1518
7693,1416
7694,1236
7695,1207
7696,1153
7697,1140
7698,1232
7699,1325
7700,1300
7701,1228
7702,1121
7703,973
7704,794
7705,669
7706,605
7707,579
7708,578
7709,638
7710,825
7711,1158
7712,1396
7713,1521
7714,1610
7715,1589
7716,1520
7717,1382
7718,1235
7719,1190
7720,1144
7721,1142
7722,1205
7723,1314
7724,1289
7725,1217
7726,1115
7727,979
7728,814
7729,681
7730,617
7731,584
7732,577
7733,621
7734,745
7735,962
7736,1234
7737,1441
7738,1560
7739,1597
7740,1543
7741,1406
7742,1254
7743,1105
7744,998
7745,981
7746,1066
7747,1185
7748,1177
7749,1139
7750,1065
7751,925
7752,756
7753,630
7754,572
7755,549
7756,551
7757,613
7758,852
7759,1300
7760,1492
7761,1513
7762,1545
7763,1523
7764,1394
7765,1290
7766,1144
7767,1144
7768,1094
7769,1102
7770,1175
7771,1297
7772,1274
7773,1197
7774,1074
7775,925
7776,769
7777,651
7778,593
7779,564
7780,568
7781,629
7782,845
7783,1263
7784,1469
7785,1525
7786,1568
7787,1521
7788,1408
7789,1294
7790,1169
7791,1148
7792,1088
7793,1103
7794,1191
7795,1298
7796,1265
7797,1189
7798,1073
7799,927
7800,768
7801,650
7802,596
7803,569
7804,571
7805,634
7806,859
7807,1274
7808,1462
7809,1513
7810,1544
7811,1533
7812,1427
7813,1334
7814,1205
7815,1194
7816,1143
7817,1137
7818,1204
7819,1306
7820,1279
7821,1203
7822,1089
7823,933
7824,768
7825,648
7826,594
7827,572
7828,573
7829,628
7830,844
7831,1244
7832,1469
7833,1498
7834,1531
7835,1484
7836,1360
7837,1263
7838,1126
7839,1116
7840,1094
7841,1103
7842,1159
7843,1281
7844,1255
7845,1166
7846,1058
7847,920
7848,765
7849,650
7850,599
7851,573
7852,573
7853,632
7854,851
7855,1254
7856,1456
7857,1519
7858,1551
7859,1516
7860,1429
7861,1334
7862,1165
7863,1122
7864,1081
7865,1077
7866,1153
7867,1266
7868,1251
7869,1167
7870,1045
7871,914
7872,765
7873,652
7874,597
7875,574
7876,570
7877,621
7878,788
7879,1094
7880,1339
7881,1437
7882,1498
7883,1473
7884,1385
7885,1277
7886,1113
7887,1084
7888,1051
7889,1069
7890,1129
7891,1256
7892,1241
7893,1155
7894,1045
7895,919
7896,771
7897,654
7898,596
7899,569
7900,564
7901,606
7902,726
7903,921
7904,1182
7905,1351
7906,1466
7907,1490
7908,1416
7909,1296
7910,1135
7911,1020
7912,947
7913,937
7914,997
7915,1126
7916,1127
7917,1077
7918,999
7919,866
7920,715
7921,606
7922,558
7923,532
7924,539
7925,603
7926,830
7927,1241
7928,1430
7929,1453
7930,1476
7931,1446
7932,1337
7933,1226
7934,1109
7935,1091
7936,1061
7937,1084
7938,1154
7939,1250
7940,1197
7941,1139
7942,1046
7943,896
7944,732
7945,625
7946,577
7947,553
7948,559
7949,614
7950,823
7951,1206
7952,1426
7953,1469
7954,1492
7955,1473
7956,1362
7957,1271
7958,1156
7959,1141
7960,1103
7961,1118
7962,1186
7963,1277
7964,1275
7965,1201
7966,1085
7967,923
7968,754
7969,636
7970,584
7971,566
7972,569
7973,629
7974,859
7975,1262
7976,1479
7977,1546
7978,1580
7979,1550
7980,1430
7981,1324
7982,1175
7983,1160
7984,1107
7985,1114
7986,1184
7987,1297
7988,1291
7989,1212
7990,1103
7991,948
7992,771
7993,648
7994,594
7995,570
7996,568
7997,629
7998,839
7999,1234
8000,1474
8001,1534
8002,1537
8003,1484
8004,1373
8005,1261
8006,1138
8007,1101
8008,1074
8009,1086
8010,1168
8011,1285
8012,1284
8013,1203
8014,1097
8015,944
8016,770
8017,650
8018,594
8019,571
8020,575
8021,639
8022,855
8023,1275
8024,1500
8025,1570
8026,1586
8027,1560
8028,1441
8029,1325
8030,1153
8031,1122
8032,1080
8033,1090
8034,1165
8035,1278
8036,1271
8037,1190
8038,1068
8039,929
8040,763
8041,642
8042,588
8043,567
8044,565
8045,620
8046,804
8047,1109
8048,1331
8049,1441
8050,1513
8051,1512
8052,1452
8053,1349
8054,1196
8055,1181
8056,1113
8057,1115
8058,1195
8059,1290
8060,1263
8061,1187
8062,1082
8063,939
8064,775
8065,656
8066,595
8067,567
8068,558
8069,550
8070,718
8071,902
8072,1155
8073,1355
8074,1496
8075,1526
8076,1479
8077,1346
8078,1183
8079,1075
8080,993
8081,967
8082,1025
8083,1138
8084,1135
8085,1089
8086,1016
8087,891
8088,745
8089,626
8090,567
8091,542
8092,550
8093,612
8094,796
8095,1078
8096,1406
8097,1568
8098,1649
8099,1595
8100,1436
8101,1292
8102,1131
8103,1076
8104,1028
8105,1041
8106,1099
8107,1211
8108,1203
8109,1137
8110,1029
8111,881
8112,723
8113,618
8114,571
8115,552
8116,559
8117,621
8118,848
8119,1255
8120,1448
8121,1490
8122,1491
8123,1443
8124,1337
8125,1227
8126,1095
8127,1078
8128,1053
8129,1073
8130,1134
8131,1251
8132,1250
8133,1166
8134,1068
8135,906
8136,737
8137,628
8138,576
8139,552
8140,557
8141,625
8142,836
8143,1221
8144,1466
8145,1522
8146,1494
8147,1479
8148,1366
8149,1242
8150,1101
8151,1076
8152,1035
8153,1065
8154,1140
8155,1241
8156,1243
8157,1159
8158,1056
8159,906
8160,750
8161,639
8162,585
8163,565
8164,564
8165,617
8166,823
8167,1216
8168,1447
8169,1459
8170,1447
8171,1410
8172,1319
8173,1208
8174,1080
8175,1066
8176,1034
8177,1052
8178,1120
8179,1242
8180,1243
8181,1150
8182,1041
8183,904
8184,746
8185,641
8186,591
8187,570
8188,573
8189,633
8190,849
8191,1239
8192,1440
8193,1467
8194,1487
8195,1448
8196,1395
8197,1304
8198,1133
8199,1103
8200,1064
8201,1079
8202,1155
8203,1252
8204,1239
8205,1146
8206,1025
8207,897
8208,761
8209,652
8210,599
8211,577
8212,582
8213,628
8214,779
8215,1038
8216,1266
8217,1352
8218,1437
8219,1410
8220,1327
8221,1229
8222,1088
8223,1048
8224,1021
8225,1037
8226,1100
8227,1210
8228,1212
8229,1104
8230,1012
8231,893
8232,760
8233,654
8234,602
8235,575
8236,576
8237,614
8238,737
8239,923
8240,1141
8241,1266
8242,1354
8243,1378
8244,1302
8245,1196
8246,1068
8247,986
8248,925
8249,926
8250,982
8251,1099
8252,1108
8253,1044
8254,961
8255,845
8256,714
8257,610
8258,562
8259,542
8260,547
8261,604
8262,816
8263,1185
8264,1339
8265,1365
8266,1393
8267,1368
8268,1291
8269,1204
8270,1081
8271,1081
8272,1043
8273,1063
8274,1141
8275,1236
8276,1194
8277,1129
8278,1014
8279,881
8280,741
8281,643
8282,595
8283,570
8284,572
8285,626
8286,819
8287,1156
8288,1356
8289,1388
8290,1417
8291,1393
8292,1290
8293,1212
8294,1108
8295,1089
8296,1061
8297,1069
8298,1134
8299,1222
8300,1211
8301,1115
8302,1000
8303,873
8304,732
8305,636
8306,589
8307,570
8308,574
8309,633
8310,826
8311,1178
8312,1388
8313,1413
8314,1438
8315,1414
8316,1332
8317,1231
8318,1130
8319,1099
8320,1054
8321,1071
8322,1139
8323,1232
8324,1220
8325,1126
8326,1017
8327,879
8328,742
8329,641
8330,592
8331,569
8332,575
8333,631
8334,822
8335,1152
8336,1341
8337,1385
8338,1426
8339,1393
8340,1314
8341,1190
8342,1077
8343,1099
8344,1053
8345,1089
8346,1137
8347,1215
8348,1209
8349,1129
8350,1011
8351,872
8352,726
8353,626
8354,576
8355,560
8356,563
8357,624
8358,824
8359,1185
8360,1395
8361,1447
8362,1470
8363,1447
8364,1358
8365,1262
8366,1109
8367,1083
8368,1055
8369,1071
8370,1126
8371,1218
8372,1217
8373,1132
8374,1016
8375,889
8376,743
8377,644
8378,593
8379,573
8380,576
8381,632
8382,799
8383,1088
8384,1301
8385,1375
8386,1432
8387,1412
8388,1324
8389,1221
8390,1091
8391,1065
8392,1041
8393,1053
8394,1105
8395,1200
8396,1199
8397,1119
8398,1002
8399,890
8400,754
8401,652
8402,599
8403,576
8404,577
8405,619
8406,743
8407,934
8408,1131
8409,1266
8410,1338
8411,1341
8412,1281
8413,1180
8414,1046
8415,966
8416,927
8417,924
8418,972
8419,1065
8420,1092
8421,1036
8422,958
8423,846
8424,719
8425,620
8426,577
8427,557
8428,566
8429,626
8430,812
8431,1139
8432,1324
8433,1371
8434,1390
8435,1360
8436,1281
8437,1184
8438,1069
8439,1074
8440,1054
8441,1078
8442,1129
8443,1214
8444,1210
8445,1123
8446,1009
8447,888
8448,754
8449,654
8450,610
8451,591
8452,595
8453,646
8454,832
8455,1143
8456,1341
8457,1364
8458,1369
8459,1330
8460,1247
8461,1161
8462,1067
8463,1072
8464,1064
8465,1084
8466,1131
8467,1210
8468,1212
8469,1119
8470,1020
8471,899
8472,764
8473,677
8474,636
8475,615
8476,620
8477,672
8478,842
8479,1110
8480,1291
8481,1354
8482,1395
8483,1398
8484,1313
8485,1226
8486,1094
8487,1109
8488,1072
8489,1064
8490,1085
8491,1145
8492,1143
8493,1082
8494,1014
8495,912
8496,806
8497,707
8498,662
8499,639
8500,638
8501,670
8502,753
8503,863
8504,934
8505,933
8506,903
8507,872
8508,889
8509,969
8510,1021
8511,971
8512,913
8513,892
8514,919
8515,986
8516,1008
8517,979
8518,932
8519,840
8520,746
8521,669
8522,632
8523,614
8524,617
8525,663
8526,798
8527,1031
8528,1175
8529,1244
8530,1295
8531,1290
8532,1241
8533,1168
8534,1062
8535,1026
8536,1004
8537,1029
8538,1077
8539,1138
8540,1146
8541,1086
8542,997
8543,894
8544,788
8545,699
8546,658
8547,641
8548,640
8549,689
8550,818
8551,1039
8552,1172
8553,1217
8554,1278
8555,1272
8556,1207
8557,1145
8558,1043
8559,1048
8560,1033
8561,1047
8562,1104
8563,1180
8564,1191
8565,1121
8566,1027
8567,929
8568,822
8569,731
8570,690
8571,669
8572,636
8573,701
8574,800
8575,945
8576,1068
8577,1147
8578,1209
8579,1225
8580,1183
8581,1126
8582,1039
8583,1002
8584,969
8585,981
8586,1025
8587,1116
8588,1142
8589,1097
8590,1031
8591,945
8592,835
8593,738
8594,693
8595,679
8596,679
8597,729
8598,870
8599,1115
8600,1244
8601,1288
8602,1313
8603,1315
8604,1249
8605,1193
8606,1112
8607,1108
8608,1115
8609,1136
8610,1179
8611,1238
8612,1214
8613,1163
8614,1060
8615,966
8616,853
8617,758
8618,714
8619,699
8620,695
8621,735
8622,884
8623,1150
8624,1279
8625,1306
8626,1344
8627,1322
8628,1254
8629,1198
8630,1112
8631,1123
8632,1110
8633,1142
8634,1185
8635,1249
8636,1270
8637,1187
8638,1091
8639,987
8640,872
8641,783
8642,739
8643,714
8644,714
8645,762
8646,914
8647,1150
8648,1279
8649,1308
8650,1336
8651,1341
8652,1276
8653,1216
8654,1146
8655,1152
8656,1154
8657,1165
8658,1204
8659,1259
8660,1278
8661,1199
8662,1111
8663,1020
8664,903
8665,809
8666,762
8667,741
8668,738
8669,780
8670,918
8671,1151
8672,1277
8673,1287
8674,1323
8675,1339
8676,1253
8677,1239
8678,1175
8679,1189
8680,1220
8681,1224
8682,1277
8683,1321
8684,1348
8685,1285
8686,1174
8687,1082
8688,982
8689,878
8690,836
8691,811
8692,808
8693,847
8694,976
8695,1207
8696,1300
8697,1346
8698,1401
8699,1438
8700,1399
8701,1385
8702,1294
8703,1310
8704,1293
8705,1348
8706,1370
8707,1406
8708,1437
8709,1376
8710,1295
8711,1192
8712,1088
8713,996
8714,937
8715,911
8716,897
8717,923
8718,1021
8719,1176
8720,1264
8721,1314
8722,1409
8723,1479
8724,1445
8725,1419
8726,1353
8727,1374
8728,1390
8729,1397
8730,1452
8731,1463
8732,1478
8733,1409
8734,1342
8735,1279
8736,1199
8737,1101
8738,1039
8739,996
8740,979
8741,990
8742,1048
8743,1123
8744,1172
8745,1187
8746,1246
8747,1288
8748,1272
8749,1247
8750,1197
8751,1197
8752,1189
8753,1196
8754,1209
8755,1236
8756,1316
8757,1300
8758,1266
8759,1206
